
INSERT INTO portal.menu_submenu (cod_menu_submenu, ref_cod_menu_menu, cod_sistema, nm_submenu, arquivo, title, nivel) VALUES (9998850, 57, 2, 'Quantitativo de empréstimos por cliente', 'module/Reports/QuantitativoEmprestimoCliente', null, 3);
INSERT INTO portal.menu_submenu (cod_menu_submenu, ref_cod_menu_menu, cod_sistema, nm_submenu, arquivo, title, nivel) VALUES (999891, 55, 2, 'Boletim do professor conceitual', 'module/Reports/BoletimProfessorConceitual', null, 3);
INSERT INTO portal.menu_submenu (cod_menu_submenu, ref_cod_menu_menu, cod_sistema, nm_submenu, arquivo, title, nivel) VALUES (9998852, 55, 2, 'Relatório de alunos por turno', 'module/Reports/AlunoTurno', null, 3);
INSERT INTO portal.menu_submenu (cod_menu_submenu, ref_cod_menu_menu, cod_sistema, nm_submenu, arquivo, title, nivel) VALUES (9998853, 55, 2, 'Relatório de alunos com notas abaixo da média', 'module/Reports/AlunosNotaAbaixoMedia', null, 3);
INSERT INTO portal.menu_submenu (cod_menu_submenu, ref_cod_menu_menu, cod_sistema, nm_submenu, arquivo, title, nivel) VALUES (9998860, 55, 2, 'Relatório de reservas de vagas integrais por escola', 'module/Reports/ReservaVagaIntegral', null, 3);
INSERT INTO portal.menu_submenu (cod_menu_submenu, ref_cod_menu_menu, cod_sistema, nm_submenu, arquivo, title, nivel) VALUES (9998857, 69, 2, 'Relatório de itinerários', 'module/Reports/ListaItinerarios', null, 3);
-- INSERT INTO portal.menu_submenu (cod_menu_submenu, ref_cod_menu_menu, cod_sistema, nm_submenu, arquivo, title, nivel) VALUES (9998855, 71, 2, 'Formação dos servidores', 'module/Reports/FormacaoServidores', null, 3);
INSERT INTO portal.menu_submenu (cod_menu_submenu, ref_cod_menu_menu, cod_sistema, nm_submenu, arquivo, title, nivel) VALUES (9998862, 55, 2, 'Movimento mensal', 'module/Reports/MovimentoMensal', null, 3);
INSERT INTO portal.menu_submenu (cod_menu_submenu, ref_cod_menu_menu, cod_sistema, nm_submenu, arquivo, title, nivel) VALUES (21241, 69, 2, 'Carteira de transporte', 'module/Reports/TransporteCarteira', null, 3);
INSERT INTO portal.menu_submenu (cod_menu_submenu, ref_cod_menu_menu, cod_sistema, nm_submenu, arquivo, title, nivel) VALUES (999203, 55, 2, 'Ficha do aluno', 'module/Reports/FichaAluno', null, 3);
INSERT INTO portal.menu_submenu (cod_menu_submenu, ref_cod_menu_menu, cod_sistema, nm_submenu, arquivo, title, nivel) VALUES (999204, 55, 2, 'Ficha do aluno em branco', 'module/Reports/FichaAlunoBranco', null, 3);
INSERT INTO portal.menu_submenu (cod_menu_submenu, ref_cod_menu_menu, cod_sistema, nm_submenu, arquivo, title, nivel) VALUES (999102, 55, 2, 'Atestado de frequência', 'module/Reports/AtestadoFrequencia', null, 3);
INSERT INTO portal.menu_submenu (cod_menu_submenu, ref_cod_menu_menu, cod_sistema, nm_submenu, arquivo, title, nivel) VALUES (999103, 55, 2, 'Atestado de matrícula', 'module/Reports/AtestadoMatricula', null, 3);
INSERT INTO portal.menu_submenu (cod_menu_submenu, ref_cod_menu_menu, cod_sistema, nm_submenu, arquivo, title, nivel) VALUES (999100, 55, 2, 'Atestado de vaga', 'module/Reports/AtestadoVaga', null, 3);
INSERT INTO portal.menu_submenu (cod_menu_submenu, ref_cod_menu_menu, cod_sistema, nm_submenu, arquivo, title, nivel) VALUES (999216, 55, 2, 'Atestado de transferência', 'module/Reports/AtestadoTransferencia', null, 3);
INSERT INTO portal.menu_submenu (cod_menu_submenu, ref_cod_menu_menu, cod_sistema, nm_submenu, arquivo, title, nivel) VALUES (999609, 55, 2, 'Mapa do conselho de classe', 'module/Reports/MapaConselhoClasse', null, 3);
INSERT INTO portal.menu_submenu (cod_menu_submenu, ref_cod_menu_menu, cod_sistema, nm_submenu, arquivo, title, nivel) VALUES (999608, 55, 2, 'Resultado final', 'module/Reports/ResultadoFinal', null, 3);
INSERT INTO portal.menu_submenu (cod_menu_submenu, ref_cod_menu_menu, cod_sistema, nm_submenu, arquivo, title, nivel) VALUES (999602, 55, 2, 'Carteira de estudante', 'module/Reports/CarteiraEstudante', null, 3);
INSERT INTO portal.menu_submenu (cod_menu_submenu, ref_cod_menu_menu, cod_sistema, nm_submenu, arquivo, title, nivel) VALUES (999202, 55, 2, 'Boletim escolar', 'module/Reports/Boletim', null, 3);
INSERT INTO portal.menu_submenu (cod_menu_submenu, ref_cod_menu_menu, cod_sistema, nm_submenu, arquivo, title, nivel) VALUES (999205, 55, 2, 'Boletim do professor', 'module/Reports/BoletimProfessor', null, 3);
INSERT INTO portal.menu_submenu (cod_menu_submenu, ref_cod_menu_menu, cod_sistema, nm_submenu, arquivo, title, nivel) VALUES (999501, 55, 2, 'Registro de avaliação - anos iniciais', 'module/Reports/RegistroAvaliacaoAnosIniciais', null, 3);
INSERT INTO portal.menu_submenu (cod_menu_submenu, ref_cod_menu_menu, cod_sistema, nm_submenu, arquivo, title, nivel) VALUES (999502, 55, 2, 'Registro de avaliação - anos finais', 'module/Reports/RegistroAvaliacaoAnosFinais', null, 3);
INSERT INTO portal.menu_submenu (cod_menu_submenu, ref_cod_menu_menu, cod_sistema, nm_submenu, arquivo, title, nivel) VALUES (999503, 55, 2, 'Registro de frequência - anos iniciais', 'module/Reports/RegistroFrequenciaAnosIniciais', null, 3);
INSERT INTO portal.menu_submenu (cod_menu_submenu, ref_cod_menu_menu, cod_sistema, nm_submenu, arquivo, title, nivel) VALUES (999504, 55, 2, 'Registro de frequência - anos finais', 'module/Reports/RegistroFrequenciaAnosFinais', null, 3);
INSERT INTO portal.menu_submenu (cod_menu_submenu, ref_cod_menu_menu, cod_sistema, nm_submenu, arquivo, title, nivel) VALUES (999505, 55, 2, 'Diário de classe - capa (modelo 1)', 'module/Reports/DiarioClasseCapaModelo1', null, 3);
INSERT INTO portal.menu_submenu (cod_menu_submenu, ref_cod_menu_menu, cod_sistema, nm_submenu, arquivo, title, nivel) VALUES (999507, 55, 2, 'Diário de classe - capa (modelo 2)', 'module/Reports/DiarioClasseCapaModelo2', null, 3);
INSERT INTO portal.menu_submenu (cod_menu_submenu, ref_cod_menu_menu, cod_sistema, nm_submenu, arquivo, title, nivel) VALUES (999506, 55, 2, 'Diário de classe - contracapa', 'module/Reports/DiarioClasseContraCapa', null, 3);
INSERT INTO portal.menu_submenu (cod_menu_submenu, ref_cod_menu_menu, cod_sistema, nm_submenu, arquivo, title, nivel) VALUES (999200, 55, 2, 'Histórico escolar', 'module/Reports/HistoricoEscolar', null, 3);
INSERT INTO portal.menu_submenu (cod_menu_submenu, ref_cod_menu_menu, cod_sistema, nm_submenu, arquivo, title, nivel) VALUES (999220, 55, 2, 'Ficha médica do aluno', 'module/Reports/FichaMedicaAluno', null, 3);
INSERT INTO portal.menu_submenu (cod_menu_submenu, ref_cod_menu_menu, cod_sistema, nm_submenu, arquivo, title, nivel) VALUES (999810, 55, 2, 'Atestado de escolaridade', 'module/Reports/AtestadoEscolaridade', null, 3);
INSERT INTO portal.menu_submenu (cod_menu_submenu, ref_cod_menu_menu, cod_sistema, nm_submenu, arquivo, title, nivel) VALUES (999812, 55, 2, 'Declaração de conclusão de curso', 'module/Reports/DeclaracaoConclusaoCurso', null, 3);
INSERT INTO portal.menu_submenu (cod_menu_submenu, ref_cod_menu_menu, cod_sistema, nm_submenu, arquivo, title, nivel) VALUES (999226, 55, 2, 'Utilização da imagem do aluno', 'module/Reports/AutorizacaoAluno', null, 3);
INSERT INTO portal.menu_submenu (cod_menu_submenu, ref_cod_menu_menu, cod_sistema, nm_submenu, arquivo, title, nivel) VALUES (999508, 55, 2, 'Nota necessária para exame', 'module/Reports/AlunoNotaExame', null, 3);
INSERT INTO portal.menu_submenu (cod_menu_submenu, ref_cod_menu_menu, cod_sistema, nm_submenu, arquivo, title, nivel) VALUES (999231, 55, 2, 'Relatório de notas e faltas lançadas', 'module/Reports/NotasFaltasLancadas', null, 3);
INSERT INTO portal.menu_submenu (cod_menu_submenu, ref_cod_menu_menu, cod_sistema, nm_submenu, arquivo, title, nivel) VALUES (999232, 55, 2, 'Termo de compromisso da educação infantil', 'module/Reports/TermoEducacaoInfantil', null, 3);
INSERT INTO portal.menu_submenu (cod_menu_submenu, ref_cod_menu_menu, cod_sistema, nm_submenu, arquivo, title, nivel) VALUES (999806, 55, 2, 'Atestado de abandono', 'module/Reports/AtestadoAbandono', null, 3);
INSERT INTO portal.menu_submenu (cod_menu_submenu, ref_cod_menu_menu, cod_sistema, nm_submenu, arquivo, title, nivel) VALUES (999201, 55, 2, 'Movimento de alunos e enturmações', 'module/Reports/MovimentoAlunos', null, 3);
INSERT INTO portal.menu_submenu (cod_menu_submenu, ref_cod_menu_menu, cod_sistema, nm_submenu, arquivo, title, nivel) VALUES (999816, 55, 2, 'Diário de classe', 'module/Reports/DiarioDeClasse', null, 3);
INSERT INTO portal.menu_submenu (cod_menu_submenu, ref_cod_menu_menu, cod_sistema, nm_submenu, arquivo, title, nivel) VALUES (999815, 55, 2, 'Diário de classe - capa (modelo 3)', 'module/Reports/DiarioClasseCapaModelo3', null, 3);
INSERT INTO portal.menu_submenu (cod_menu_submenu, ref_cod_menu_menu, cod_sistema, nm_submenu, arquivo, title, nivel) VALUES (999818, 55, 2, 'Canhoto do professor', 'module/Reports/CanhotoProfessor', null, 3);
INSERT INTO portal.menu_submenu (cod_menu_submenu, ref_cod_menu_menu, cod_sistema, nm_submenu, arquivo, title, nivel) VALUES (999244, 55, 2, 'Gráfico de usuários e acessos', 'module/Reports/UsuarioAcessoResumido', null, 3);
INSERT INTO portal.menu_submenu (cod_menu_submenu, ref_cod_menu_menu, cod_sistema, nm_submenu, arquivo, title, nivel) VALUES (999819, 55, 2, 'Ficha de acompanhamento do aluno', 'module/Reports/FichaAcompanhamentoAluno', null, 3);
INSERT INTO portal.menu_submenu (cod_menu_submenu, ref_cod_menu_menu, cod_sistema, nm_submenu, arquivo, title, nivel) VALUES (999824, 55, 2, 'Parecer descritivo por etapa', 'module/Reports/BoletimParecerAluno', null, 3);
INSERT INTO portal.menu_submenu (cod_menu_submenu, ref_cod_menu_menu, cod_sistema, nm_submenu, arquivo, title, nivel) VALUES (999509, 55, 2, 'Diário de exame final', 'module/Reports/DiarioExameFinal', null, 3);
INSERT INTO portal.menu_submenu (cod_menu_submenu, ref_cod_menu_menu, cod_sistema, nm_submenu, arquivo, title, nivel) VALUES (999851, 55, 2, 'Termo de ausência', 'module/Reports/TermoAusencia', null, 3);
INSERT INTO portal.menu_submenu (cod_menu_submenu, ref_cod_menu_menu, cod_sistema, nm_submenu, arquivo, title, nivel) VALUES (999853, 55, 2, 'Termo de desistência de vaga', 'module/Reports/TermoDesistenciaVaga', null, 3);
INSERT INTO portal.menu_submenu (cod_menu_submenu, ref_cod_menu_menu, cod_sistema, nm_submenu, arquivo, title, nivel) VALUES (999855, 55, 2, 'Diário de classe - Retrato', 'module/Reports/DiarioClasseRetrato', null, 3);
INSERT INTO portal.menu_submenu (cod_menu_submenu, ref_cod_menu_menu, cod_sistema, nm_submenu, arquivo, title, nivel) VALUES (999877, 55, 2, 'Registro de avaliação conceitual', 'module/Reports/RegistroAvaliacaoConceitual', null, 3);
INSERT INTO portal.menu_submenu (cod_menu_submenu, ref_cod_menu_menu, cod_sistema, nm_submenu, arquivo, title, nivel) VALUES (999876, 55, 2, 'Ficha individual - EJA', 'module/Reports/FichaIndividualEJA', null, 3);
INSERT INTO portal.menu_submenu (cod_menu_submenu, ref_cod_menu_menu, cod_sistema, nm_submenu, arquivo, title, nivel) VALUES (999881, 55, 2, 'Boletim de transferência', 'module/Reports/BoletimTransferencia', null, 3);
INSERT INTO portal.menu_submenu (cod_menu_submenu, ref_cod_menu_menu, cod_sistema, nm_submenu, arquivo, title, nivel) VALUES (999882, 55, 2, 'Quadro situação final', 'module/Reports/QuadroSituacaoFinal', null, 3);
INSERT INTO portal.menu_submenu (cod_menu_submenu, ref_cod_menu_menu, cod_sistema, nm_submenu, arquivo, title, nivel) VALUES (999886, 55, 2, 'Mapa final por disciplina', 'module/Reports/MapaFinalPorDisciplina', null, 3);
INSERT INTO portal.menu_submenu (cod_menu_submenu, ref_cod_menu_menu, cod_sistema, nm_submenu, arquivo, title, nivel) VALUES (999615, 57, 2, 'Relatório de autores', 'module/Reports/BibliotecaAutor', null, 3);
INSERT INTO portal.menu_submenu (cod_menu_submenu, ref_cod_menu_menu, cod_sistema, nm_submenu, arquivo, title, nivel) VALUES (999616, 57, 2, 'Relatório de editoras', 'module/Reports/BibliotecaEditora', null, 3);
INSERT INTO portal.menu_submenu (cod_menu_submenu, ref_cod_menu_menu, cod_sistema, nm_submenu, arquivo, title, nivel) VALUES (999617, 57, 2, 'Relatório de obras', 'module/Reports/BibliotecaObra', null, 3);
INSERT INTO portal.menu_submenu (cod_menu_submenu, ref_cod_menu_menu, cod_sistema, nm_submenu, arquivo, title, nivel) VALUES (999845, 57, 2, 'Relatório de clientes', 'module/Reports/RelacaoClientesBiblioteca', null, 3);
INSERT INTO portal.menu_submenu (cod_menu_submenu, ref_cod_menu_menu, cod_sistema, nm_submenu, arquivo, title, nivel) VALUES (999618, 57, 2, 'Relatório de empréstimos', 'module/Reports/BibliotecaEmprestimo', null, 3);
INSERT INTO portal.menu_submenu (cod_menu_submenu, ref_cod_menu_menu, cod_sistema, nm_submenu, arquivo, title, nivel) VALUES (999619, 57, 2, 'Relatório de devoluções', 'module/Reports/BibliotecaDevolucao', null, 3);
INSERT INTO portal.menu_submenu (cod_menu_submenu, ref_cod_menu_menu, cod_sistema, nm_submenu, arquivo, title, nivel) VALUES (999856, 57, 2, 'Relatório de empréstimos em atraso', 'module/Reports/EmprestimoAtrasoBiblioteca', null, 3);
INSERT INTO portal.menu_submenu (cod_menu_submenu, ref_cod_menu_menu, cod_sistema, nm_submenu, arquivo, title, nivel) VALUES (999832, 57, 2, 'Carteiras de clientes', 'module/Reports/CarteiraCliente', null, 3);
INSERT INTO portal.menu_submenu (cod_menu_submenu, ref_cod_menu_menu, cod_sistema, nm_submenu, arquivo, title, nivel) VALUES (999841, 57, 2, 'Etiquetas para obras', 'module/Reports/EtiquetaObras', null, 3);
INSERT INTO portal.menu_submenu (cod_menu_submenu, ref_cod_menu_menu, cod_sistema, nm_submenu, arquivo, title, nivel) VALUES (999620, 57, 2, 'Comprovante de empréstimo', 'module/Reports/BibliotecaComprovanteEmprestimo', null, 3);
INSERT INTO portal.menu_submenu (cod_menu_submenu, ref_cod_menu_menu, cod_sistema, nm_submenu, arquivo, title, nivel) VALUES (999621, 57, 2, 'Comprovante de devolução', 'module/Reports/BibliotecaComprovanteDevolucao', null, 3);
INSERT INTO portal.menu_submenu (cod_menu_submenu, ref_cod_menu_menu, cod_sistema, nm_submenu, arquivo, title, nivel) VALUES (999622, 57, 2, 'Comprovante de pagamento', 'module/Reports/BibliotecaReciboPagamento', null, 3);
INSERT INTO portal.menu_submenu (cod_menu_submenu, ref_cod_menu_menu, cod_sistema, nm_submenu, arquivo, title, nivel) VALUES (999107, 71, 2, 'Horas alocadas por servidor', 'module/Reports/HoraAlocadoServidor', null, 3);
INSERT INTO portal.menu_submenu (cod_menu_submenu, ref_cod_menu_menu, cod_sistema, nm_submenu, arquivo, title, nivel) VALUES (999110, 71, 2, 'Faltas e atrasos dos servidores', 'module/Reports/ServidoresFaltasAtrasos', null, 3);
INSERT INTO portal.menu_submenu (cod_menu_submenu, ref_cod_menu_menu, cod_sistema, nm_submenu, arquivo, title, nivel) VALUES (999820, 71, 2, 'Relatório cadastral de servidores', 'module/Reports/RelacaoServidores', null, 3);
INSERT INTO portal.menu_submenu (cod_menu_submenu, ref_cod_menu_menu, cod_sistema, nm_submenu, arquivo, title, nivel) VALUES (999860, 71, 2, 'Relatório de docentes e disciplinas lecionadas por turma', 'module/Reports/DocentesDisciplinasPorTurma', null, 3);
INSERT INTO portal.menu_submenu (cod_menu_submenu, ref_cod_menu_menu, cod_sistema, nm_submenu, arquivo, title, nivel) VALUES (999874, 71, 2, 'Relatório geral de docentes', 'module/Reports/RelacaoGeralDocentes', null, 3);
INSERT INTO portal.menu_submenu (cod_menu_submenu, ref_cod_menu_menu, cod_sistema, nm_submenu, arquivo, title, nivel) VALUES (999239, 71, 2, 'Quantitativo de professores', 'module/Reports/QuantitativoProfessores', null, 3);
INSERT INTO portal.menu_submenu (cod_menu_submenu, ref_cod_menu_menu, cod_sistema, nm_submenu, arquivo, title, nivel) VALUES (999887, 71, 2, 'Quantitativo de tempo de serviço', 'module/Reports/MapaQuantitativoTempoServico', null, 3);
INSERT INTO portal.menu_submenu (cod_menu_submenu, ref_cod_menu_menu, cod_sistema, nm_submenu, arquivo, title, nivel) VALUES (999828, 55, 2, 'Auditoria de notas', 'module/Reports/AuditoriaNotas', null, 3);
INSERT INTO portal.menu_submenu (cod_menu_submenu, ref_cod_menu_menu, cod_sistema, nm_submenu, arquivo, title, nivel) VALUES (999223, 55, 2, 'Relatório de usuários e acessos', 'module/Reports/UsuarioAcesso', null, 3);
INSERT INTO portal.menu_submenu (cod_menu_submenu, ref_cod_menu_menu, cod_sistema, nm_submenu, arquivo, title, nivel) VALUES (999809, 55, 2, 'Relatório de conferência de notas e faltas', 'module/Reports/ConferenciaNotasFaltas', null, 3);
INSERT INTO portal.menu_submenu (cod_menu_submenu, ref_cod_menu_menu, cod_sistema, nm_submenu, arquivo, title, nivel) VALUES (999605, 55, 2, 'Relatório geral de escolas', 'module/Reports/Escola', null, 3);
INSERT INTO portal.menu_submenu (cod_menu_submenu, ref_cod_menu_menu, cod_sistema, nm_submenu, arquivo, title, nivel) VALUES (999889, 55, 2, 'Relatório de alunos com carteira do SUS', 'module/Reports/AlunoCarteiraSus', null, 3);
INSERT INTO portal.menu_submenu (cod_menu_submenu, ref_cod_menu_menu, cod_sistema, nm_submenu, arquivo, title, nivel) VALUES (999879, 55, 2, 'Relatório de alunos com fotos', 'module/Reports/AlunosFotos', null, 3);
INSERT INTO portal.menu_submenu (cod_menu_submenu, ref_cod_menu_menu, cod_sistema, nm_submenu, arquivo, title, nivel) VALUES (999890, 55, 2, 'Relatório de alunos por escola e setor', 'module/Reports/AlunoSetor', null, 3);
INSERT INTO portal.menu_submenu (cod_menu_submenu, ref_cod_menu_menu, cod_sistema, nm_submenu, arquivo, title, nivel) VALUES (999227, 55, 2, 'Relatório de alunos com deficiência', 'module/Reports/AlunoDeficiencia', null, 3);
INSERT INTO portal.menu_submenu (cod_menu_submenu, ref_cod_menu_menu, cod_sistema, nm_submenu, arquivo, title, nivel) VALUES (999234, 55, 2, 'Relatório de alunos participantes de projetos', 'module/Reports/AlunoProjetos', null, 3);
INSERT INTO portal.menu_submenu (cod_menu_submenu, ref_cod_menu_menu, cod_sistema, nm_submenu, arquivo, title, nivel) VALUES (999233, 55, 2, 'Relatório de alunos que recebem benefícios', 'module/Reports/AlunoBeneficios', null, 3);
INSERT INTO portal.menu_submenu (cod_menu_submenu, ref_cod_menu_menu, cod_sistema, nm_submenu, arquivo, title, nivel) VALUES (21247, 55, 2, 'Relatório de alunos e localidade', 'module/Reports/AlunosLocalidade', null, 3);
INSERT INTO portal.menu_submenu (cod_menu_submenu, ref_cod_menu_menu, cod_sistema, nm_submenu, arquivo, title, nivel) VALUES (999606, 55, 2, 'Relatório de alunos sem pai', 'module/Reports/AlunoSemPai', null, 3);
INSERT INTO portal.menu_submenu (cod_menu_submenu, ref_cod_menu_menu, cod_sistema, nm_submenu, arquivo, title, nivel) VALUES (999843, 55, 2, 'Relatório de anos letivos por escola', 'module/Reports/AnosLetivosEscola', null, 3);
INSERT INTO portal.menu_submenu (cod_menu_submenu, ref_cod_menu_menu, cod_sistema, nm_submenu, arquivo, title, nivel) VALUES (999235, 55, 2, 'Relatório de etiquetas para mala direta', 'module/Reports/Etiquetas', null, 3);
INSERT INTO portal.menu_submenu (cod_menu_submenu, ref_cod_menu_menu, cod_sistema, nm_submenu, arquivo, title, nivel) VALUES (999230, 55, 2, 'Relatório quantitativo de alunos por bairro', 'module/Reports/AlunoPorBairroQuantitativo', null, 3);
INSERT INTO portal.menu_submenu (cod_menu_submenu, ref_cod_menu_menu, cod_sistema, nm_submenu, arquivo, title, nivel) VALUES (999219, 55, 2, 'Relatório dos usuários de transporte escolar', 'module/Reports/UsuarioTransporteEscola', null, 3);
INSERT INTO portal.menu_submenu (cod_menu_submenu, ref_cod_menu_menu, cod_sistema, nm_submenu, arquivo, title, nivel) VALUES (999217, 55, 2, 'Relatório de ocorrências disciplinares por aluno', 'module/Reports/OcorrenciaDisciplinar', null, 3);
INSERT INTO portal.menu_submenu (cod_menu_submenu, ref_cod_menu_menu, cod_sistema, nm_submenu, arquivo, title, nivel) VALUES (999870, 55, 2, 'Lista de alunos para assinatura dos pais', 'module/Reports/AssinaturaDosPais', null, 3);
INSERT INTO portal.menu_submenu (cod_menu_submenu, ref_cod_menu_menu, cod_sistema, nm_submenu, arquivo, title, nivel) VALUES (999228, 55, 2, 'Calendário do ano letivo', 'module/Reports/Calendario', null, 3);
INSERT INTO portal.menu_submenu (cod_menu_submenu, ref_cod_menu_menu, cod_sistema, nm_submenu, arquivo, title, nivel) VALUES (999224, 55, 2, 'Distribuição de uniforme por aluno', 'module/Reports/DistribuicaoUniformePorAluno', null, 3);
INSERT INTO portal.menu_submenu (cod_menu_submenu, ref_cod_menu_menu, cod_sistema, nm_submenu, arquivo, title, nivel) VALUES (999218, 55, 2, 'Mapa quantitativo de matrículas enturmadas', 'module/Reports/MapaQuantitativoMatriculas', null, 3);
INSERT INTO portal.menu_submenu (cod_menu_submenu, ref_cod_menu_menu, cod_sistema, nm_submenu, arquivo, title, nivel) VALUES (999101, 55, 2, 'Relatório de alunos por turma', 'module/Reports/AlunoTurma', null, 3);
INSERT INTO portal.menu_submenu (cod_menu_submenu, ref_cod_menu_menu, cod_sistema, nm_submenu, arquivo, title, nivel) VALUES (999109, 55, 2, 'Relatório de alunos por escola', 'module/Reports/AlunoEscola', null, 3);
INSERT INTO portal.menu_submenu (cod_menu_submenu, ref_cod_menu_menu, cod_sistema, nm_submenu, arquivo, title, nivel) VALUES (999857, 55, 2, 'Relatório de alunos por bairro', 'module/Reports/RelacaoAlunosBairro', null, 3);
INSERT INTO portal.menu_submenu (cod_menu_submenu, ref_cod_menu_menu, cod_sistema, nm_submenu, arquivo, title, nivel) VALUES (999871, 55, 2, 'Relatório de alunos por data de entrada e enturmação', 'module/Reports/RelacaoAlunoEntradaEnturmacao', null, 3);
INSERT INTO portal.menu_submenu (cod_menu_submenu, ref_cod_menu_menu, cod_sistema, nm_submenu, arquivo, title, nivel) VALUES (999237, 55, 2, 'Relatório de matrículas e vagas por setores', 'module/Reports/MatriculaVagaSetores', null, 3);
INSERT INTO portal.menu_submenu (cod_menu_submenu, ref_cod_menu_menu, cod_sistema, nm_submenu, arquivo, title, nivel) VALUES (999108, 55, 2, 'Relatório de alunos não enturmados por escola', 'module/Reports/NaoEnturmados', null, 3);
INSERT INTO portal.menu_submenu (cod_menu_submenu, ref_cod_menu_menu, cod_sistema, nm_submenu, arquivo, title, nivel) VALUES (999105, 55, 2, 'Relatório de matrículas de alunos por escola', 'module/Reports/MatriculaEscola', null, 3);
INSERT INTO portal.menu_submenu (cod_menu_submenu, ref_cod_menu_menu, cod_sistema, nm_submenu, arquivo, title, nivel) VALUES (999238, 55, 2, 'Relatório de alunos reprovados por turma', 'module/Reports/AlunoReprovadoDisciplina', null, 3);
INSERT INTO portal.menu_submenu (cod_menu_submenu, ref_cod_menu_menu, cod_sistema, nm_submenu, arquivo, title, nivel) VALUES (999607, 55, 2, 'Relatório de alunos transferidos/abandono', 'module/Reports/TransferidoAbandono', null, 3);
INSERT INTO portal.menu_submenu (cod_menu_submenu, ref_cod_menu_menu, cod_sistema, nm_submenu, arquivo, title, nivel) VALUES (999854, 55, 2, 'Relatório de alunos ingressantes ', 'module/Reports/AlunosIngressantes', null, 3);
INSERT INTO portal.menu_submenu (cod_menu_submenu, ref_cod_menu_menu, cod_sistema, nm_submenu, arquivo, title, nivel) VALUES (999221, 55, 2, 'Livro de matrícula', 'module/Reports/LivroMatricula', null, 3);
INSERT INTO portal.menu_submenu (cod_menu_submenu, ref_cod_menu_menu, cod_sistema, nm_submenu, arquivo, title, nivel) VALUES (999883, 55, 2, 'Quantitativo de alunos sem nota', 'module/Reports/AlunosPendentes', null, 3);
INSERT INTO portal.menu_submenu (cod_menu_submenu, ref_cod_menu_menu, cod_sistema, nm_submenu, arquivo, title, nivel) VALUES (999830, 55, 2, 'Rendimento e movimento escolar', 'module/Reports/RendimentoMovimentoEscolar', null, 3);
INSERT INTO portal.menu_submenu (cod_menu_submenu, ref_cod_menu_menu, cod_sistema, nm_submenu, arquivo, title, nivel) VALUES (999834, 55, 2, 'Relatório de alunos com o melhor desempenho', 'module/Reports/MediaAlunos', null, 3);
INSERT INTO portal.menu_submenu (cod_menu_submenu, ref_cod_menu_menu, cod_sistema, nm_submenu, arquivo, title, nivel) VALUES (999872, 55, 2, 'Comparativo de média da turma', 'module/Reports/RelatorioComparativoMediaTurma', null, 3);
INSERT INTO portal.menu_submenu (cod_menu_submenu, ref_cod_menu_menu, cod_sistema, nm_submenu, arquivo, title, nivel) VALUES (999651, 55, 2, 'Comparativo de desempenho entre anos', 'module/Reports/DesempenhoAnos', null, 3);
INSERT INTO portal.menu_submenu (cod_menu_submenu, ref_cod_menu_menu, cod_sistema, nm_submenu, arquivo, title, nivel) VALUES (999612, 55, 2, 'Comparativo de desempenho entre classes', 'module/Reports/DesempenhoClasses', null, 3);
INSERT INTO portal.menu_submenu (cod_menu_submenu, ref_cod_menu_menu, cod_sistema, nm_submenu, arquivo, title, nivel) VALUES (999654, 55, 2, 'Comparativo de desempenho entre escolas/disciplina', 'module/Reports/DesempenhoEscolasDisciplina', null, 3);
INSERT INTO portal.menu_submenu (cod_menu_submenu, ref_cod_menu_menu, cod_sistema, nm_submenu, arquivo, title, nivel) VALUES (999652, 55, 2, 'Comparativo de desempenho entre escolas/etapa', 'module/Reports/DesempenhoEscolasEtapa', null, 3);
INSERT INTO portal.menu_submenu (cod_menu_submenu, ref_cod_menu_menu, cod_sistema, nm_submenu, arquivo, title, nivel) VALUES (999610, 55, 2, 'Gráfico de matrículas em andamento por escola', 'module/Reports/GraficoAlunoMatriculado', null, 3);
INSERT INTO portal.menu_submenu (cod_menu_submenu, ref_cod_menu_menu, cod_sistema, nm_submenu, arquivo, title, nivel) VALUES (999840, 55, 2, 'Gráfico de distorção idade/série', 'module/Reports/GraficoDistorcaoIdadeSerie', null, 3);
INSERT INTO portal.menu_submenu (cod_menu_submenu, ref_cod_menu_menu, cod_sistema, nm_submenu, arquivo, title, nivel) VALUES (999821, 55, 2, 'Gráfico de desempenho da média da turma', 'module/Reports/DesempenhoMediaTurma', null, 3);
INSERT INTO portal.menu_submenu (cod_menu_submenu, ref_cod_menu_menu, cod_sistema, nm_submenu, arquivo, title, nivel) VALUES (999833, 55, 2, 'Gráfico quantitativo de alunos alfabetizados', 'module/Reports/AlunosAlfabetizados', null, 3);
INSERT INTO portal.menu_submenu (cod_menu_submenu, ref_cod_menu_menu, cod_sistema, nm_submenu, arquivo, title, nivel) VALUES (999611, 55, 2, 'Gráfico de alunos que utilizam transporte', 'module/Reports/GraficoAlunoTransporte', null, 3);
INSERT INTO portal.menu_submenu (cod_menu_submenu, ref_cod_menu_menu, cod_sistema, nm_submenu, arquivo, title, nivel) VALUES (999842, 55, 2, 'Gráfico comparativo de médias por disciplina', 'module/Reports/GraficoMediasDisciplina', null, 3);
INSERT INTO portal.menu_submenu (cod_menu_submenu, ref_cod_menu_menu, cod_sistema, nm_submenu, arquivo, title, nivel) VALUES (21248, 55, 2, 'Demandas x disponibilidade de vagas na Ed. Infantil', 'module/Reports/DemandasDisponibilidadeVagasInfantil', null, 3);
INSERT INTO portal.menu_submenu (cod_menu_submenu, ref_cod_menu_menu, cod_sistema, nm_submenu, arquivo, title, nivel) VALUES (999844, 55, 2, 'Lista de espera da reserva de vaga', 'module/Reports/ListaReservaVaga', null, 3);
INSERT INTO portal.menu_submenu (cod_menu_submenu, ref_cod_menu_menu, cod_sistema, nm_submenu, arquivo, title, nivel) VALUES (999814, 55, 2, 'Protocolo do candidato à reserva de vaga', 'module/Reports/ProtocoloCandidatoReserva', null, 3);
INSERT INTO portal.menu_submenu (cod_menu_submenu, ref_cod_menu_menu, cod_sistema, nm_submenu, arquivo, title, nivel) VALUES (999826, 55, 2, 'Relatório de reservas de vagas por escola', 'module/Reports/RelacaoReservaVaga', null, 3);
INSERT INTO portal.menu_submenu (cod_menu_submenu, ref_cod_menu_menu, cod_sistema, nm_submenu, arquivo, title, nivel) VALUES (999863, 55, 2, 'Situação das reservas de vagas', 'module/Reports/SituacaoReservaVaga', null, 3);
INSERT INTO portal.menu_submenu (cod_menu_submenu, ref_cod_menu_menu, cod_sistema, nm_submenu, arquivo, title, nivel) VALUES (999229, 55, 2, 'Declaração de anuência para menor', 'module/Reports/DeclaracaoAnuencia', null, 3);
INSERT INTO portal.menu_submenu (cod_menu_submenu, ref_cod_menu_menu, cod_sistema, nm_submenu, arquivo, title, nivel) VALUES (999222, 55, 2, 'Ficha individual - PA', 'module/Reports/FichaIndividualPA', null, 3);
INSERT INTO portal.menu_submenu (cod_menu_submenu, ref_cod_menu_menu, cod_sistema, nm_submenu, arquivo, title, nivel) VALUES (999817, 55, 2, 'Ficha individual (Ed. Infantil) - PA', 'module/Reports/FichaIndividualPAEducInfantil', null, 3);
INSERT INTO portal.menu_submenu (cod_menu_submenu, ref_cod_menu_menu, cod_sistema, nm_submenu, arquivo, title, nivel) VALUES (999862, 55, 2, 'Ficha individual - AL', 'module/Reports/FichaIndividualAL', null, 3);
INSERT INTO portal.menu_submenu (cod_menu_submenu, ref_cod_menu_menu, cod_sistema, nm_submenu, arquivo, title, nivel) VALUES (999864, 55, 2, 'Ficha individual (6º ao 9º ano) - AL', 'module/Reports/FichaIndividualAL6a9', null, 3);
INSERT INTO portal.menu_submenu (cod_menu_submenu, ref_cod_menu_menu, cod_sistema, nm_submenu, arquivo, title, nivel) VALUES (999884, 55, 2, 'Certificado de conclusão da Educação Infantil', 'module/Reports/CertificadoEducacaoInfantil', null, 3);
INSERT INTO portal.menu_submenu (cod_menu_submenu, ref_cod_menu_menu, cod_sistema, nm_submenu, arquivo, title, nivel) VALUES (999808, 55, 2, 'Certificado de conclusão do Ensino Fundamental', 'module/Reports/CertificadoEnsinoFundamental', null, 3);
INSERT INTO portal.menu_submenu (cod_menu_submenu, ref_cod_menu_menu, cod_sistema, nm_submenu, arquivo, title, nivel) VALUES (999225, 55, 2, 'Ficha de moradia do aluno', 'module/Reports/MoradiaAluno', null, 3);
INSERT INTO portal.menu_submenu (cod_menu_submenu, ref_cod_menu_menu, cod_sistema, nm_submenu, arquivo, title, nivel) VALUES (999236, 55, 2, 'Registro de frequência - Ed. Infantil', 'module/Reports/RegistroFrequenciaEducInfantil', null, 3);
INSERT INTO portal.menu_submenu (cod_menu_submenu, ref_cod_menu_menu, cod_sistema, nm_submenu, arquivo, title, nivel) VALUES (999846, 55, 2, 'Registros do conselho de classe', 'module/Reports/RegistroConselhoClasse', null, 3);
INSERT INTO portal.menu_submenu (cod_menu_submenu, ref_cod_menu_menu, cod_sistema, nm_submenu, arquivo, title, nivel) VALUES (999603, 71, 2, 'Carteira do professor', 'module/Reports/CarteiraProfessor', null, 3);
INSERT INTO portal.menu_submenu (cod_menu_submenu, ref_cod_menu_menu, cod_sistema, nm_submenu, arquivo, title, nivel) VALUES (999822, 71, 2, 'Ficha do Servidor', 'module/Reports/FichaServidor', null, 3);
INSERT INTO portal.menu_submenu (cod_menu_submenu, ref_cod_menu_menu, cod_sistema, nm_submenu, arquivo, title, nivel) VALUES (999823, 71, 2, 'Atestado de servidor', 'module/Reports/AtestadoServidor', null, 3);
INSERT INTO portal.menu_submenu (cod_menu_submenu, ref_cod_menu_menu, cod_sistema, nm_submenu, arquivo, title, nivel) VALUES (999601, 55, 2, 'Carteira de transporte (Módulo Escola)', 'module/Reports/CarteiraTransporte', null, 3);
INSERT INTO portal.menu_submenu (cod_menu_submenu, ref_cod_menu_menu, cod_sistema, nm_submenu, arquivo, title, nivel) VALUES (999801, 55, 2, 'Apresentação histórico CBAL', 'module/Reports/HistoricoInfantil', null, 3);
INSERT INTO portal.menu_submenu (cod_menu_submenu, ref_cod_menu_menu, cod_sistema, nm_submenu, arquivo, title, nivel) VALUES (999802, 55, 2, 'Ficha individual CBAL', 'module/Reports/FichaIndividualCbal', null, 3);
INSERT INTO portal.menu_submenu (cod_menu_submenu, ref_cod_menu_menu, cod_sistema, nm_submenu, arquivo, title, nivel) VALUES (999803, 55, 2, 'Parecer final CBAL', 'module/Reports/ParecerFinalCbal', null, 3);
INSERT INTO portal.menu_submenu (cod_menu_submenu, ref_cod_menu_menu, cod_sistema, nm_submenu, arquivo, title, nivel) VALUES (999804, 55, 2, 'Parecer histórico CBAL', 'module/Reports/HistoricoInfantilParecer', null, 3);
INSERT INTO portal.menu_submenu (cod_menu_submenu, ref_cod_menu_menu, cod_sistema, nm_submenu, arquivo, title, nivel) VALUES (999805, 55, 2, 'Registro síntese de comp. e habilidades CBAL', 'module/Reports/SinteseCompetenciaHabilidadeCbal', null, 3);
INSERT INTO portal.menu_submenu (cod_menu_submenu, ref_cod_menu_menu, cod_sistema, nm_submenu, arquivo, title, nivel) VALUES (999813, 55, 2, 'Relatório de frequência de alunos por escola', 'module/Reports/FrequenciaEscola', null, 3);
INSERT INTO portal.menu_submenu (cod_menu_submenu, ref_cod_menu_menu, cod_sistema, nm_submenu, arquivo, title, nivel) VALUES (999859, 71, 2, 'Quantitativo de docentes por turma', 'module/Reports/DocentesPorTurma', null, 3);
INSERT INTO portal.menu_submenu (cod_menu_submenu, ref_cod_menu_menu, cod_sistema, nm_submenu, arquivo, title, nivel) VALUES (21252, 69, 2, 'Relatório de motoristas do transporte', 'module/Reports/RelatorioMotorista', null, 3);
INSERT INTO portal.menu_submenu (cod_menu_submenu, ref_cod_menu_menu, cod_sistema, nm_submenu, arquivo, title, nivel) VALUES (999825, 69, 2, 'Relatório de usuários do transporte', 'module/Reports/RelacaoUsuarioTransporte', null, 3);
INSERT INTO portal.menu_submenu (cod_menu_submenu, ref_cod_menu_menu, cod_sistema, nm_submenu, arquivo, title, nivel) VALUES (21242, 69, 2, 'Relatório de rotas do transporte', 'module/Reports/RelatorioRota', null, 3);
INSERT INTO portal.menu_submenu (cod_menu_submenu, ref_cod_menu_menu, cod_sistema, nm_submenu, arquivo, title, nivel) VALUES (21249, 69, 2, 'Relatório de alunos do transporte', 'module/Reports/UsuariosTransporteKm', null, 3);
INSERT INTO portal.menu_submenu (cod_menu_submenu, ref_cod_menu_menu, cod_sistema, nm_submenu, arquivo, title, nivel) VALUES (21243, 69, 2, 'Relatório de usuários do transporte por empresa', 'module/Reports/UsuariosTransporteEmpresa', null, 3);
INSERT INTO portal.menu_submenu (cod_menu_submenu, ref_cod_menu_menu, cod_sistema, nm_submenu, arquivo, title, nivel) VALUES (9998865, 55, 2, 'Relatório de candidatos à fila única', 'module/Reports/CandidatoFilaUnica', null, 3);
INSERT INTO portal.menu_submenu (cod_menu_submenu, ref_cod_menu_menu, cod_sistema, nm_submenu, arquivo, title, nivel) VALUES (9998866, 55, 2, 'Ficha individual - Resende', 'module/Reports/FichaIndividualResende', null, 3);

-- Menus

INSERT INTO pmicontrolesis.menu (cod_menu, ref_cod_menu_submenu, ref_cod_menu_pai, tt_menu, ord_menu, caminho, alvo, suprime_menu, ref_cod_tutormenu, ref_cod_ico, tipo_menu) VALUES (9998850, 9998850, 999906, 'Quantitativo de empréstimos por cliente', 0, 'module/Reports/QuantitativoEmprestimoCliente', '_self', 1, 16, 192, null);
INSERT INTO pmicontrolesis.menu (cod_menu, ref_cod_menu_submenu, ref_cod_menu_pai, tt_menu, ord_menu, caminho, alvo, suprime_menu, ref_cod_tutormenu, ref_cod_ico, tipo_menu) VALUES (999891, 999891, 999450, 'Boletim do professor conceitual', 0, 'module/Reports/BoletimProfessorConceitual', '_self', 1, 15, 192, null);
INSERT INTO pmicontrolesis.menu (cod_menu, ref_cod_menu_submenu, ref_cod_menu_pai, tt_menu, ord_menu, caminho, alvo, suprime_menu, ref_cod_tutormenu, ref_cod_ico, tipo_menu) VALUES (9998852, 9998852, 999923, 'Relatório de alunos por turno', 0, 'module/Reports/AlunoTurno', '_self', 1, 15, 192, null);
INSERT INTO pmicontrolesis.menu (cod_menu, ref_cod_menu_submenu, ref_cod_menu_pai, tt_menu, ord_menu, caminho, alvo, suprime_menu, ref_cod_tutormenu, ref_cod_ico, tipo_menu) VALUES (9998853, 9998853, 999303, 'Relatório de alunos com notas abaixo da média', 0, 'module/Reports/AlunosNotaAbaixoMedia', '_self', 1, 15, 192, null);
INSERT INTO pmicontrolesis.menu (cod_menu, ref_cod_menu_submenu, ref_cod_menu_pai, tt_menu, ord_menu, caminho, alvo, suprime_menu, ref_cod_tutormenu, ref_cod_ico, tipo_menu) VALUES (9998860, 9998860, 999924, 'Relatório de reservas de vagas integrais por escola', 0, 'module/Reports/ReservaVagaIntegral', '_self', 1, 15, 192, null);
INSERT INTO pmicontrolesis.menu (cod_menu, ref_cod_menu_submenu, ref_cod_menu_pai, tt_menu, ord_menu, caminho, alvo, suprime_menu, ref_cod_tutormenu, ref_cod_ico, tipo_menu) VALUES (9998857, 9998857, 9998847, 'Relatório de itinerários', 0, 'module/Reports/ListaItinerarios', '_self', 1, 17, null, null);
-- INSERT INTO pmicontrolesis.menu (cod_menu, ref_cod_menu_submenu, ref_cod_menu_pai, tt_menu, ord_menu, caminho, alvo, suprime_menu, ref_cod_tutormenu, ref_cod_ico, tipo_menu) VALUES (9998855, 9998855, 9998854, 'Formação dos servidores', 0, 'module/Reports/FormacaoServidores', '_self', 1, 19, null, null);
INSERT INTO pmicontrolesis.menu (cod_menu, ref_cod_menu_submenu, ref_cod_menu_pai, tt_menu, ord_menu, caminho, alvo, suprime_menu, ref_cod_tutormenu, ref_cod_ico, tipo_menu) VALUES (9998862, 9998862, 999301, 'Movimento mensal', 0, 'module/Reports/MovimentoMensal', '_self', 1, 15, 127, null);
INSERT INTO pmicontrolesis.menu (cod_menu, ref_cod_menu_submenu, ref_cod_menu_pai, tt_menu, ord_menu, caminho, alvo, suprime_menu, ref_cod_tutormenu, ref_cod_ico, tipo_menu) VALUES (999602, 999602, 999600, 'Carteira de estudante', 0, 'module/Reports/CarteiraEstudante', '_self', 1, 15, 192, null);
INSERT INTO pmicontrolesis.menu (cod_menu, ref_cod_menu_submenu, ref_cod_menu_pai, tt_menu, ord_menu, caminho, alvo, suprime_menu, ref_cod_tutormenu, ref_cod_ico, tipo_menu) VALUES (999601, 999601, 999600, 'Carteira de transporte', 0, 'module/Reports/CarteiraTransporte', '_self', 1, 15, 192, null);
INSERT INTO pmicontrolesis.menu (cod_menu, ref_cod_menu_submenu, ref_cod_menu_pai, tt_menu, ord_menu, caminho, alvo, suprime_menu, ref_cod_tutormenu, ref_cod_ico, tipo_menu) VALUES (999501, 999501, 999500, 'Registro de avaliação - anos iniciais', 0, 'module/Reports/RegistroAvaliacaoAnosIniciais', '_self', 1, 15, 192, null);
INSERT INTO pmicontrolesis.menu (cod_menu, ref_cod_menu_submenu, ref_cod_menu_pai, tt_menu, ord_menu, caminho, alvo, suprime_menu, ref_cod_tutormenu, ref_cod_ico, tipo_menu) VALUES (999502, 999502, 999500, 'Registro de avaliação - anos finais', 0, 'module/Reports/RegistroAvaliacaoAnosFinais', '_self', 1, 15, 192, null);
INSERT INTO pmicontrolesis.menu (cod_menu, ref_cod_menu_submenu, ref_cod_menu_pai, tt_menu, ord_menu, caminho, alvo, suprime_menu, ref_cod_tutormenu, ref_cod_ico, tipo_menu) VALUES (999503, 999503, 999500, 'Registro de frequência - anos iniciais', 0, 'module/Reports/RegistroFrequenciaAnosIniciais', '_self', 1, 15, 192, null);
INSERT INTO pmicontrolesis.menu (cod_menu, ref_cod_menu_submenu, ref_cod_menu_pai, tt_menu, ord_menu, caminho, alvo, suprime_menu, ref_cod_tutormenu, ref_cod_ico, tipo_menu) VALUES (999200, 999200, 999460, 'Histórico escolar', 0, 'module/Reports/HistoricoEscolar', '_self', 1, 15, 122, null);
INSERT INTO pmicontrolesis.menu (cod_menu, ref_cod_menu_submenu, ref_cod_menu_pai, tt_menu, ord_menu, caminho, alvo, suprime_menu, ref_cod_tutormenu, ref_cod_ico, tipo_menu) VALUES (999801, 999801, 999800, 'Apresentação histórico', 0, 'module/Reports/HistoricoInfantil', '_self', 1, 15, 192, null);
INSERT INTO pmicontrolesis.menu (cod_menu, ref_cod_menu_submenu, ref_cod_menu_pai, tt_menu, ord_menu, caminho, alvo, suprime_menu, ref_cod_tutormenu, ref_cod_ico, tipo_menu) VALUES (999802, 999802, 999800, 'Ficha individual', 0, 'module/Reports/FichaIndividualCbal', '_self', 1, 15, 192, null);
INSERT INTO pmicontrolesis.menu (cod_menu, ref_cod_menu_submenu, ref_cod_menu_pai, tt_menu, ord_menu, caminho, alvo, suprime_menu, ref_cod_tutormenu, ref_cod_ico, tipo_menu) VALUES (999803, 999803, 999800, 'Parecer final', 0, 'module/Reports/ParecerFinalCbal', '_self', 1, 15, 192, null);
INSERT INTO pmicontrolesis.menu (cod_menu, ref_cod_menu_submenu, ref_cod_menu_pai, tt_menu, ord_menu, caminho, alvo, suprime_menu, ref_cod_tutormenu, ref_cod_ico, tipo_menu) VALUES (999804, 999804, 999800, 'Parecer histórico', 0, 'module/Reports/HistoricoInfantilParecer', '_self', 1, 15, 192, null);
INSERT INTO pmicontrolesis.menu (cod_menu, ref_cod_menu_submenu, ref_cod_menu_pai, tt_menu, ord_menu, caminho, alvo, suprime_menu, ref_cod_tutormenu, ref_cod_ico, tipo_menu) VALUES (999508, 999508, 999500, 'Nota necessária para exame', 0, 'module/Reports/AlunoNotaExame', '_self', 1, 15, 192, null);
INSERT INTO pmicontrolesis.menu (cod_menu, ref_cod_menu_submenu, ref_cod_menu_pai, tt_menu, ord_menu, caminho, alvo, suprime_menu, ref_cod_tutormenu, ref_cod_ico, tipo_menu) VALUES (999506, 999506, 999500, 'Diário de classe - contracapa', 0, 'module/Reports/DiarioClasseContraCapa', '_self', 1, 15, 192, null);
INSERT INTO pmicontrolesis.menu (cod_menu, ref_cod_menu_submenu, ref_cod_menu_pai, tt_menu, ord_menu, caminho, alvo, suprime_menu, ref_cod_tutormenu, ref_cod_ico, tipo_menu) VALUES (999507, 999507, 999500, 'Diário de classe - capa (modelo 2)', 0, 'module/Reports/DiarioClasseCapaModelo2', '_self', 1, 15, 192, null);
INSERT INTO pmicontrolesis.menu (cod_menu, ref_cod_menu_submenu, ref_cod_menu_pai, tt_menu, ord_menu, caminho, alvo, suprime_menu, ref_cod_tutormenu, ref_cod_ico, tipo_menu) VALUES (999505, 999505, 999500, 'Diário de classe - capa (modelo 1)', 0, 'module/Reports/DiarioClasseCapaModelo1', '_self', 1, 15, 192, null);
INSERT INTO pmicontrolesis.menu (cod_menu, ref_cod_menu_submenu, ref_cod_menu_pai, tt_menu, ord_menu, caminho, alvo, suprime_menu, ref_cod_tutormenu, ref_cod_ico, tipo_menu) VALUES (999504, 999504, 999500, 'Registro de frequência - anos finais', 0, 'module/Reports/RegistroFrequenciaAnosFinais', '_self', 1, 15, 192, null);
INSERT INTO pmicontrolesis.menu (cod_menu, ref_cod_menu_submenu, ref_cod_menu_pai, tt_menu, ord_menu, caminho, alvo, suprime_menu, ref_cod_tutormenu, ref_cod_ico, tipo_menu) VALUES (999805, 999805, 999800, 'Registro síntese de comp. e habilidades', 0, 'module/Reports/SinteseCompetenciaHabilidadeCbal', '_self', 1, 15, 192, null);
INSERT INTO pmicontrolesis.menu (cod_menu, ref_cod_menu_submenu, ref_cod_menu_pai, tt_menu, ord_menu, caminho, alvo, suprime_menu, ref_cod_tutormenu, ref_cod_ico, tipo_menu) VALUES (999816, 999816, 999500, 'Diário de classe', 0, 'module/Reports/DiarioDeClasse', '_self', 1, 15, 192, null);
INSERT INTO pmicontrolesis.menu (cod_menu, ref_cod_menu_submenu, ref_cod_menu_pai, tt_menu, ord_menu, caminho, alvo, suprime_menu, ref_cod_tutormenu, ref_cod_ico, tipo_menu) VALUES (999815, 999815, 999500, 'Diário de classe - capa (modelo 3)', 0, 'module/Reports/DiarioClasseCapaModelo3', '_self', 1, 15, 192, null);
INSERT INTO pmicontrolesis.menu (cod_menu, ref_cod_menu_submenu, ref_cod_menu_pai, tt_menu, ord_menu, caminho, alvo, suprime_menu, ref_cod_tutormenu, ref_cod_ico, tipo_menu) VALUES (999509, 999509, 999500, 'Diário de exame final', 8, 'module/Reports/DiarioExameFinal', '_self', 1, 15, 192, null);
INSERT INTO pmicontrolesis.menu (cod_menu, ref_cod_menu_submenu, ref_cod_menu_pai, tt_menu, ord_menu, caminho, alvo, suprime_menu, ref_cod_tutormenu, ref_cod_ico, tipo_menu) VALUES (999855, 999855, 999500, 'Diário de classe - Retrato', 8, 'module/Reports/DiarioClasseRetrato', '_self', 1, 15, 192, null);
INSERT INTO pmicontrolesis.menu (cod_menu, ref_cod_menu_submenu, ref_cod_menu_pai, tt_menu, ord_menu, caminho, alvo, suprime_menu, ref_cod_tutormenu, ref_cod_ico, tipo_menu) VALUES (999877, 999877, 999500, 'Registro de avaliação conceitual', 8, 'module/Reports/RegistroAvaliacaoConceitual', '_self', 1, 15, 192, null);
INSERT INTO pmicontrolesis.menu (cod_menu, ref_cod_menu_submenu, ref_cod_menu_pai, tt_menu, ord_menu, caminho, alvo, suprime_menu, ref_cod_tutormenu, ref_cod_ico, tipo_menu) VALUES (999615, 999615, 999905, 'Relatório de autores', 1, 'module/Reports/BibliotecaAutor', '_self', 1, 16, 1, null);
INSERT INTO pmicontrolesis.menu (cod_menu, ref_cod_menu_submenu, ref_cod_menu_pai, tt_menu, ord_menu, caminho, alvo, suprime_menu, ref_cod_tutormenu, ref_cod_ico, tipo_menu) VALUES (999616, 999616, 999905, 'Relatório de editoras', 2, 'module/Reports/BibliotecaEditora', '_self', 1, 16, 1, null);
INSERT INTO pmicontrolesis.menu (cod_menu, ref_cod_menu_submenu, ref_cod_menu_pai, tt_menu, ord_menu, caminho, alvo, suprime_menu, ref_cod_tutormenu, ref_cod_ico, tipo_menu) VALUES (999617, 999617, 999905, 'Relatório de obras', 3, 'module/Reports/BibliotecaObra', '_self', 1, 16, 1, null);
INSERT INTO pmicontrolesis.menu (cod_menu, ref_cod_menu_submenu, ref_cod_menu_pai, tt_menu, ord_menu, caminho, alvo, suprime_menu, ref_cod_tutormenu, ref_cod_ico, tipo_menu) VALUES (999845, 999845, 999905, 'Relatório de clientes', 4, 'module/Reports/RelacaoClientesBiblioteca', '_self', 1, 16, 192, null);
INSERT INTO pmicontrolesis.menu (cod_menu, ref_cod_menu_submenu, ref_cod_menu_pai, tt_menu, ord_menu, caminho, alvo, suprime_menu, ref_cod_tutormenu, ref_cod_ico, tipo_menu) VALUES (999618, 999618, 999906, 'Relatório de empréstimos', 1, 'module/Reports/BibliotecaEmprestimo', '_self', 1, 16, 1, null);
INSERT INTO pmicontrolesis.menu (cod_menu, ref_cod_menu_submenu, ref_cod_menu_pai, tt_menu, ord_menu, caminho, alvo, suprime_menu, ref_cod_tutormenu, ref_cod_ico, tipo_menu) VALUES (999619, 999619, 999906, 'Relatório de devoluções', 2, 'module/Reports/BibliotecaDevolucao', '_self', 1, 16, 1, null);
INSERT INTO pmicontrolesis.menu (cod_menu, ref_cod_menu_submenu, ref_cod_menu_pai, tt_menu, ord_menu, caminho, alvo, suprime_menu, ref_cod_tutormenu, ref_cod_ico, tipo_menu) VALUES (999856, 999856, 999906, 'Relatório de empréstimos em atraso', 3, 'module/Reports/EmprestimoAtrasoBiblioteca', '_self', 1, 16, 192, null);
INSERT INTO pmicontrolesis.menu (cod_menu, ref_cod_menu_submenu, ref_cod_menu_pai, tt_menu, ord_menu, caminho, alvo, suprime_menu, ref_cod_tutormenu, ref_cod_ico, tipo_menu) VALUES (999832, 999832, 999831, 'Carteiras de clientes', 1, 'module/Reports/CarteiraCliente', '_self', 1, 16, 192, null);
INSERT INTO pmicontrolesis.menu (cod_menu, ref_cod_menu_submenu, ref_cod_menu_pai, tt_menu, ord_menu, caminho, alvo, suprime_menu, ref_cod_tutormenu, ref_cod_ico, tipo_menu) VALUES (999841, 999841, 999831, 'Etiquetas para obras', 2, 'module/Reports/EtiquetaObras', '_self', 1, 16, 192, null);
INSERT INTO pmicontrolesis.menu (cod_menu, ref_cod_menu_submenu, ref_cod_menu_pai, tt_menu, ord_menu, caminho, alvo, suprime_menu, ref_cod_tutormenu, ref_cod_ico, tipo_menu) VALUES (999620, 999620, 999907, 'Comprovante de empréstimo', 1, 'module/Reports/BibliotecaComprovanteEmprestimo', '_self', 1, 16, 1, null);
INSERT INTO pmicontrolesis.menu (cod_menu, ref_cod_menu_submenu, ref_cod_menu_pai, tt_menu, ord_menu, caminho, alvo, suprime_menu, ref_cod_tutormenu, ref_cod_ico, tipo_menu) VALUES (999621, 999621, 999907, 'Comprovante de devolução', 2, 'module/Reports/BibliotecaComprovanteDevolucao', '_self', 1, 16, 1, null);
INSERT INTO pmicontrolesis.menu (cod_menu, ref_cod_menu_submenu, ref_cod_menu_pai, tt_menu, ord_menu, caminho, alvo, suprime_menu, ref_cod_tutormenu, ref_cod_ico, tipo_menu) VALUES (999622, 999622, 999907, 'Comprovante de pagamento', 3, 'module/Reports/BibliotecaReciboPagamento', '_self', 1, 16, 1, null);
INSERT INTO pmicontrolesis.menu (cod_menu, ref_cod_menu_submenu, ref_cod_menu_pai, tt_menu, ord_menu, caminho, alvo, suprime_menu, ref_cod_tutormenu, ref_cod_ico, tipo_menu) VALUES (999107, 999107, 999914, 'Horas alocadas por servidor', 0, 'module/Reports/HoraAlocadoServidor', '_self', 1, 19, 192, 1);
INSERT INTO pmicontrolesis.menu (cod_menu, ref_cod_menu_submenu, ref_cod_menu_pai, tt_menu, ord_menu, caminho, alvo, suprime_menu, ref_cod_tutormenu, ref_cod_ico, tipo_menu) VALUES (999110, 999110, 999914, 'Faltas e atrasos dos servidores', 0, 'module/Reports/ServidoresFaltasAtrasos', '_self', 1, 19, 192, 1);
INSERT INTO pmicontrolesis.menu (cod_menu, ref_cod_menu_submenu, ref_cod_menu_pai, tt_menu, ord_menu, caminho, alvo, suprime_menu, ref_cod_tutormenu, ref_cod_ico, tipo_menu) VALUES (999820, 999820, 999914, 'Relatório cadastral de servidores', 0, 'module/Reports/RelacaoServidores', '_self', 1, 19, 192, null);
INSERT INTO pmicontrolesis.menu (cod_menu, ref_cod_menu_submenu, ref_cod_menu_pai, tt_menu, ord_menu, caminho, alvo, suprime_menu, ref_cod_tutormenu, ref_cod_ico, tipo_menu) VALUES (999860, 999860, 999914, 'Relatório de docentes e disciplinas lecionadas por turma', 0, 'module/Reports/DocentesDisciplinasPorTurma', '_self', 1, 19, 192, 1);
INSERT INTO pmicontrolesis.menu (cod_menu, ref_cod_menu_submenu, ref_cod_menu_pai, tt_menu, ord_menu, caminho, alvo, suprime_menu, ref_cod_tutormenu, ref_cod_ico, tipo_menu) VALUES (999874, 999874, 999914, 'Relatório geral de docentes', 0, 'module/Reports/RelacaoGeralDocentes', '_self', 1, 19, 192, null);
INSERT INTO pmicontrolesis.menu (cod_menu, ref_cod_menu_submenu, ref_cod_menu_pai, tt_menu, ord_menu, caminho, alvo, suprime_menu, ref_cod_tutormenu, ref_cod_ico, tipo_menu) VALUES (999239, 999239, 999915, 'Quantitativo de professores', 0, 'module/Reports/QuantitativoProfessores', '_self', 1, 19, 192, 1);
INSERT INTO pmicontrolesis.menu (cod_menu, ref_cod_menu_submenu, ref_cod_menu_pai, tt_menu, ord_menu, caminho, alvo, suprime_menu, ref_cod_tutormenu, ref_cod_ico, tipo_menu) VALUES (999887, 999887, 999915, 'Quantitativo de tempo de serviço', 6, 'module/Reports/MapaQuantitativoTempoServico', '_self', 1, 19, 192, null);
INSERT INTO pmicontrolesis.menu (cod_menu, ref_cod_menu_submenu, ref_cod_menu_pai, tt_menu, ord_menu, caminho, alvo, suprime_menu, ref_cod_tutormenu, ref_cod_ico, tipo_menu) VALUES (999603, 999603, 999916, 'Carteira do professor', 0, 'module/Reports/CarteiraProfessor', '_self', 1, 19, 192, null);
INSERT INTO pmicontrolesis.menu (cod_menu, ref_cod_menu_submenu, ref_cod_menu_pai, tt_menu, ord_menu, caminho, alvo, suprime_menu, ref_cod_tutormenu, ref_cod_ico, tipo_menu) VALUES (999822, 999822, 999916, 'Ficha do Servidor', 0, 'module/Reports/FichaServidor', '_self', 1, 19, 192, 1);
INSERT INTO pmicontrolesis.menu (cod_menu, ref_cod_menu_submenu, ref_cod_menu_pai, tt_menu, ord_menu, caminho, alvo, suprime_menu, ref_cod_tutormenu, ref_cod_ico, tipo_menu) VALUES (999823, 999823, 999916, 'Atestado de servidor', 0, 'module/Reports/AtestadoServidor', '_self', 1, 19, 192, null);
INSERT INTO pmicontrolesis.menu (cod_menu, ref_cod_menu_submenu, ref_cod_menu_pai, tt_menu, ord_menu, caminho, alvo, suprime_menu, ref_cod_tutormenu, ref_cod_ico, tipo_menu) VALUES (999244, 999244, 999827, 'Gráfico de usuários e acessos', 0, 'module/Reports/UsuarioAcessoResumido', '_self', 1, 15, 192, 1);
INSERT INTO pmicontrolesis.menu (cod_menu, ref_cod_menu_submenu, ref_cod_menu_pai, tt_menu, ord_menu, caminho, alvo, suprime_menu, ref_cod_tutormenu, ref_cod_ico, tipo_menu) VALUES (999828, 999828, 999827, 'Auditoria de notas', 1, 'module/Reports/AuditoriaNotas', '_self', 1, 15, 192, 1);
INSERT INTO pmicontrolesis.menu (cod_menu, ref_cod_menu_submenu, ref_cod_menu_pai, tt_menu, ord_menu, caminho, alvo, suprime_menu, ref_cod_tutormenu, ref_cod_ico, tipo_menu) VALUES (999223, 999223, 999827, 'Relatório de usuários e acessos', 1, 'module/Reports/UsuarioAcesso', '_self', 1, 15, 192, 1);
INSERT INTO pmicontrolesis.menu (cod_menu, ref_cod_menu_submenu, ref_cod_menu_pai, tt_menu, ord_menu, caminho, alvo, suprime_menu, ref_cod_tutormenu, ref_cod_ico, tipo_menu) VALUES (999201, 999201, 999301, 'Movimento de alunos e enturmações', 0, 'module/Reports/MovimentoAlunos', '_self', 1, 15, 127, 1);
INSERT INTO pmicontrolesis.menu (cod_menu, ref_cod_menu_submenu, ref_cod_menu_pai, tt_menu, ord_menu, caminho, alvo, suprime_menu, ref_cod_tutormenu, ref_cod_ico, tipo_menu) VALUES (999882, 999882, 999301, 'Quadro situação final', 0, 'module/Reports/QuadroSituacaoFinal', '_self', 1, 15, 127, null);
INSERT INTO pmicontrolesis.menu (cod_menu, ref_cod_menu_submenu, ref_cod_menu_pai, tt_menu, ord_menu, caminho, alvo, suprime_menu, ref_cod_tutormenu, ref_cod_ico, tipo_menu) VALUES (999231, 999231, 999922, 'Relatório de notas e faltas lançadas', 0, 'module/Reports/NotasFaltasLancadas', '_self', 1, 15, 192, 1);
INSERT INTO pmicontrolesis.menu (cod_menu, ref_cod_menu_submenu, ref_cod_menu_pai, tt_menu, ord_menu, caminho, alvo, suprime_menu, ref_cod_tutormenu, ref_cod_ico, tipo_menu) VALUES (999809, 999809, 999922, 'Relatório de conferência de notas e faltas', 0, 'module/Reports/ConferenciaNotasFaltas', '_self', 1, 15, 192, 2);
INSERT INTO pmicontrolesis.menu (cod_menu, ref_cod_menu_submenu, ref_cod_menu_pai, tt_menu, ord_menu, caminho, alvo, suprime_menu, ref_cod_tutormenu, ref_cod_ico, tipo_menu) VALUES (999605, 999605, 999300, 'Relatório geral de escolas', 0, 'module/Reports/Escola', '_self', 1, 15, 192, 1);
INSERT INTO pmicontrolesis.menu (cod_menu, ref_cod_menu_submenu, ref_cod_menu_pai, tt_menu, ord_menu, caminho, alvo, suprime_menu, ref_cod_tutormenu, ref_cod_ico, tipo_menu) VALUES (999889, 999889, 999300, 'Relatório de alunos com carteira do SUS', 0, 'module/Reports/AlunoCarteiraSus', '_self', 1, 15, 192, 1);
INSERT INTO pmicontrolesis.menu (cod_menu, ref_cod_menu_submenu, ref_cod_menu_pai, tt_menu, ord_menu, caminho, alvo, suprime_menu, ref_cod_tutormenu, ref_cod_ico, tipo_menu) VALUES (999879, 999879, 999300, 'Relatório de alunos com fotos', 0, 'module/Reports/AlunosFotos', '_self', 1, 15, 192, null);
INSERT INTO pmicontrolesis.menu (cod_menu, ref_cod_menu_submenu, ref_cod_menu_pai, tt_menu, ord_menu, caminho, alvo, suprime_menu, ref_cod_tutormenu, ref_cod_ico, tipo_menu) VALUES (999890, 999890, 999300, 'Relatório de alunos por escola e setor', 0, 'module/Reports/AlunoSetor', '_self', 1, 15, 192, 1);
INSERT INTO pmicontrolesis.menu (cod_menu, ref_cod_menu_submenu, ref_cod_menu_pai, tt_menu, ord_menu, caminho, alvo, suprime_menu, ref_cod_tutormenu, ref_cod_ico, tipo_menu) VALUES (999227, 999227, 999300, 'Relatório de alunos com deficiência', 0, 'module/Reports/AlunoDeficiencia', '_self', 1, 15, 192, 2);
INSERT INTO pmicontrolesis.menu (cod_menu, ref_cod_menu_submenu, ref_cod_menu_pai, tt_menu, ord_menu, caminho, alvo, suprime_menu, ref_cod_tutormenu, ref_cod_ico, tipo_menu) VALUES (999234, 999234, 999300, 'Relatório de alunos participantes de projetos', 0, 'module/Reports/AlunoProjetos', '_self', 1, 15, 192, 2);
INSERT INTO pmicontrolesis.menu (cod_menu, ref_cod_menu_submenu, ref_cod_menu_pai, tt_menu, ord_menu, caminho, alvo, suprime_menu, ref_cod_tutormenu, ref_cod_ico, tipo_menu) VALUES (999233, 999233, 999300, 'Relatório de alunos que recebem benefícios', 0, 'module/Reports/AlunoBeneficios', '_self', 1, 15, 192, 2);
INSERT INTO pmicontrolesis.menu (cod_menu, ref_cod_menu_submenu, ref_cod_menu_pai, tt_menu, ord_menu, caminho, alvo, suprime_menu, ref_cod_tutormenu, ref_cod_ico, tipo_menu) VALUES (21247, 21247, 999300, 'Relatório de alunos e localidade', 0, 'module/Reports/AlunosLocalidade', '_self', 1, 15, 192, 2);
INSERT INTO pmicontrolesis.menu (cod_menu, ref_cod_menu_submenu, ref_cod_menu_pai, tt_menu, ord_menu, caminho, alvo, suprime_menu, ref_cod_tutormenu, ref_cod_ico, tipo_menu) VALUES (999606, 999606, 999300, 'Relatório de alunos sem pai', 0, 'module/Reports/AlunoSemPai', '_self', 1, 15, 192, 2);
INSERT INTO pmicontrolesis.menu (cod_menu, ref_cod_menu_submenu, ref_cod_menu_pai, tt_menu, ord_menu, caminho, alvo, suprime_menu, ref_cod_tutormenu, ref_cod_ico, tipo_menu) VALUES (999235, 999235, 999300, 'Relatório de etiquetas para mala direta', 0, 'module/Reports/Etiquetas', '_self', 1, 15, 192, 2);
INSERT INTO pmicontrolesis.menu (cod_menu, ref_cod_menu_submenu, ref_cod_menu_pai, tt_menu, ord_menu, caminho, alvo, suprime_menu, ref_cod_tutormenu, ref_cod_ico, tipo_menu) VALUES (999230, 999230, 999300, 'Relatório quantitativo de alunos por bairro', 0, 'module/Reports/AlunoPorBairroQuantitativo', '_self', 1, 15, 192, 2);
INSERT INTO pmicontrolesis.menu (cod_menu, ref_cod_menu_submenu, ref_cod_menu_pai, tt_menu, ord_menu, caminho, alvo, suprime_menu, ref_cod_tutormenu, ref_cod_ico, tipo_menu) VALUES (999219, 999219, 999300, 'Relatório dos usuários de transporte escolar', 0, 'module/Reports/UsuarioTransporteEscola', '_self', 1, 15, 192, 2);
INSERT INTO pmicontrolesis.menu (cod_menu, ref_cod_menu_submenu, ref_cod_menu_pai, tt_menu, ord_menu, caminho, alvo, suprime_menu, ref_cod_tutormenu, ref_cod_ico, tipo_menu) VALUES (999870, 999870, 999300, 'Lista de alunos para assinatura dos pais', 0, 'module/Reports/AssinaturaDosPais', '_self', 1, 15, 192, null);
INSERT INTO pmicontrolesis.menu (cod_menu, ref_cod_menu_submenu, ref_cod_menu_pai, tt_menu, ord_menu, caminho, alvo, suprime_menu, ref_cod_tutormenu, ref_cod_ico, tipo_menu) VALUES (999228, 999228, 999300, 'Calendário do ano letivo', 0, 'module/Reports/Calendario', '_self', 1, 15, 192, 2);
INSERT INTO pmicontrolesis.menu (cod_menu, ref_cod_menu_submenu, ref_cod_menu_pai, tt_menu, ord_menu, caminho, alvo, suprime_menu, ref_cod_tutormenu, ref_cod_ico, tipo_menu) VALUES (999224, 999224, 999300, 'Distribuição de uniforme por aluno', 0, 'module/Reports/DistribuicaoUniformePorAluno', '_self', 1, 15, 192, 2);
INSERT INTO pmicontrolesis.menu (cod_menu, ref_cod_menu_submenu, ref_cod_menu_pai, tt_menu, ord_menu, caminho, alvo, suprime_menu, ref_cod_tutormenu, ref_cod_ico, tipo_menu) VALUES (999218, 999218, 999923, 'Mapa quantitativo de matrículas enturmadas', 0, 'module/Reports/MapaQuantitativoMatriculas', '_self', 1, 15, 192, 1);
INSERT INTO pmicontrolesis.menu (cod_menu, ref_cod_menu_submenu, ref_cod_menu_pai, tt_menu, ord_menu, caminho, alvo, suprime_menu, ref_cod_tutormenu, ref_cod_ico, tipo_menu) VALUES (999101, 999101, 999923, 'Relatório de alunos por turma', 0, 'module/Reports/AlunoTurma', '_self', 1, 15, 155, 2);
INSERT INTO pmicontrolesis.menu (cod_menu, ref_cod_menu_submenu, ref_cod_menu_pai, tt_menu, ord_menu, caminho, alvo, suprime_menu, ref_cod_tutormenu, ref_cod_ico, tipo_menu) VALUES (999109, 999109, 999923, 'Relatório de alunos por escola', 0, 'module/Reports/AlunoEscola', '_self', 1, 15, 192, 2);
INSERT INTO pmicontrolesis.menu (cod_menu, ref_cod_menu_submenu, ref_cod_menu_pai, tt_menu, ord_menu, caminho, alvo, suprime_menu, ref_cod_tutormenu, ref_cod_ico, tipo_menu) VALUES (999857, 999857, 999923, 'Relatório de alunos por bairro', 0, 'module/Reports/RelacaoAlunosBairro', '_self', 1, 16, 192, null);
INSERT INTO pmicontrolesis.menu (cod_menu, ref_cod_menu_submenu, ref_cod_menu_pai, tt_menu, ord_menu, caminho, alvo, suprime_menu, ref_cod_tutormenu, ref_cod_ico, tipo_menu) VALUES (999871, 999871, 999923, 'Relatório de alunos por data de entrada e enturmação', 0, 'module/Reports/RelacaoAlunoEntradaEnturmacao', '_self', 1, 15, 192, null);
INSERT INTO pmicontrolesis.menu (cod_menu, ref_cod_menu_submenu, ref_cod_menu_pai, tt_menu, ord_menu, caminho, alvo, suprime_menu, ref_cod_tutormenu, ref_cod_ico, tipo_menu) VALUES (999237, 999237, 999923, 'Relatório de matrículas e vagas por setores', 0, 'module/Reports/MatriculaVagaSetores', '_self', 1, 15, 192, 1);
INSERT INTO pmicontrolesis.menu (cod_menu, ref_cod_menu_submenu, ref_cod_menu_pai, tt_menu, ord_menu, caminho, alvo, suprime_menu, ref_cod_tutormenu, ref_cod_ico, tipo_menu) VALUES (999108, 999108, 999923, 'Relatório de alunos não enturmados por escola', 0, 'module/Reports/NaoEnturmados', '_self', 1, 15, 192, 2);
INSERT INTO pmicontrolesis.menu (cod_menu, ref_cod_menu_submenu, ref_cod_menu_pai, tt_menu, ord_menu, caminho, alvo, suprime_menu, ref_cod_tutormenu, ref_cod_ico, tipo_menu) VALUES (999105, 999105, 999923, 'Relatório de matrículas de alunos por escola', 0, 'module/Reports/MatriculaEscola', '_self', 1, 15, 192, 2);
INSERT INTO pmicontrolesis.menu (cod_menu, ref_cod_menu_submenu, ref_cod_menu_pai, tt_menu, ord_menu, caminho, alvo, suprime_menu, ref_cod_tutormenu, ref_cod_ico, tipo_menu) VALUES (999238, 999238, 999923, 'Relatório de alunos reprovados por turma', 0, 'module/Reports/AlunoReprovadoDisciplina', '_self', 1, 15, 192, 2);
INSERT INTO pmicontrolesis.menu (cod_menu, ref_cod_menu_submenu, ref_cod_menu_pai, tt_menu, ord_menu, caminho, alvo, suprime_menu, ref_cod_tutormenu, ref_cod_ico, tipo_menu) VALUES (999607, 999607, 999923, 'Relatório de alunos transferidos/abandono', 0, 'module/Reports/TransferidoAbandono', '_self', 1, 15, 192, 2);
INSERT INTO pmicontrolesis.menu (cod_menu, ref_cod_menu_submenu, ref_cod_menu_pai, tt_menu, ord_menu, caminho, alvo, suprime_menu, ref_cod_tutormenu, ref_cod_ico, tipo_menu) VALUES (999854, 999854, 999923, 'Relatório de alunos ingressantes ', 0, 'module/Reports/AlunosIngressantes', '_self', 1, 15, 192, null);
INSERT INTO pmicontrolesis.menu (cod_menu, ref_cod_menu_submenu, ref_cod_menu_pai, tt_menu, ord_menu, caminho, alvo, suprime_menu, ref_cod_tutormenu, ref_cod_ico, tipo_menu) VALUES (999221, 999221, 999923, 'Livro de matrícula', 0, 'module/Reports/LivroMatricula', '_self', 1, 15, 192, 2);
INSERT INTO pmicontrolesis.menu (cod_menu, ref_cod_menu_submenu, ref_cod_menu_pai, tt_menu, ord_menu, caminho, alvo, suprime_menu, ref_cod_tutormenu, ref_cod_ico, tipo_menu) VALUES (999883, 999883, 999303, 'Quantitativo de alunos sem nota', 0, 'module/Reports/AlunosPendentes', '_self', 1, 15, 192, 1);
INSERT INTO pmicontrolesis.menu (cod_menu, ref_cod_menu_submenu, ref_cod_menu_pai, tt_menu, ord_menu, caminho, alvo, suprime_menu, ref_cod_tutormenu, ref_cod_ico, tipo_menu) VALUES (999830, 999830, 999303, 'Rendimento e movimento escolar', 0, 'module/Reports/RendimentoMovimentoEscolar', '_self', 1, 15, 192, null);
INSERT INTO pmicontrolesis.menu (cod_menu, ref_cod_menu_submenu, ref_cod_menu_pai, tt_menu, ord_menu, caminho, alvo, suprime_menu, ref_cod_tutormenu, ref_cod_ico, tipo_menu) VALUES (999834, 999834, 999303, 'Relatório de alunos com o melhor desempenho', 0, 'module/Reports/MediaAlunos', '_self', 1, 15, 127, null);
INSERT INTO pmicontrolesis.menu (cod_menu, ref_cod_menu_submenu, ref_cod_menu_pai, tt_menu, ord_menu, caminho, alvo, suprime_menu, ref_cod_tutormenu, ref_cod_ico, tipo_menu) VALUES (999872, 999872, 999303, 'Comparativo de média da turma', 0, 'module/Reports/RelatorioComparativoMediaTurma', '_self', 1, 15, 192, null);
INSERT INTO pmicontrolesis.menu (cod_menu, ref_cod_menu_submenu, ref_cod_menu_pai, tt_menu, ord_menu, caminho, alvo, suprime_menu, ref_cod_tutormenu, ref_cod_ico, tipo_menu) VALUES (999651, 999651, 999303, 'Comparativo de desempenho entre anos', 0, 'module/Reports/DesempenhoAnos', '_self', 1, 15, 192, 1);
INSERT INTO pmicontrolesis.menu (cod_menu, ref_cod_menu_submenu, ref_cod_menu_pai, tt_menu, ord_menu, caminho, alvo, suprime_menu, ref_cod_tutormenu, ref_cod_ico, tipo_menu) VALUES (999612, 999612, 999303, 'Comparativo de desempenho entre classes', 0, 'module/Reports/DesempenhoClasses', '_self', 1, 15, 192, 1);
INSERT INTO pmicontrolesis.menu (cod_menu, ref_cod_menu_submenu, ref_cod_menu_pai, tt_menu, ord_menu, caminho, alvo, suprime_menu, ref_cod_tutormenu, ref_cod_ico, tipo_menu) VALUES (999654, 999654, 999303, 'Comparativo de desempenho entre escolas/disciplina', 0, 'module/Reports/DesempenhoEscolasDisciplina', '_self', 1, 15, 192, 1);
INSERT INTO pmicontrolesis.menu (cod_menu, ref_cod_menu_submenu, ref_cod_menu_pai, tt_menu, ord_menu, caminho, alvo, suprime_menu, ref_cod_tutormenu, ref_cod_ico, tipo_menu) VALUES (999652, 999652, 999303, 'Comparativo de desempenho entre escolas/etapa', 0, 'module/Reports/DesempenhoEscolasEtapa', '_self', 1, 15, 192, 1);
INSERT INTO pmicontrolesis.menu (cod_menu, ref_cod_menu_submenu, ref_cod_menu_pai, tt_menu, ord_menu, caminho, alvo, suprime_menu, ref_cod_tutormenu, ref_cod_ico, tipo_menu) VALUES (999610, 999610, 999303, 'Gráfico de matrículas em andamento por escola', 0, 'module/Reports/GraficoAlunoMatriculado', '_self', 1, 15, 192, 1);
INSERT INTO pmicontrolesis.menu (cod_menu, ref_cod_menu_submenu, ref_cod_menu_pai, tt_menu, ord_menu, caminho, alvo, suprime_menu, ref_cod_tutormenu, ref_cod_ico, tipo_menu) VALUES (999840, 999840, 999303, 'Gráfico de distorção idade/série', 0, 'module/Reports/GraficoDistorcaoIdadeSerie', '_self', 1, 15, 192, 1);
INSERT INTO pmicontrolesis.menu (cod_menu, ref_cod_menu_submenu, ref_cod_menu_pai, tt_menu, ord_menu, caminho, alvo, suprime_menu, ref_cod_tutormenu, ref_cod_ico, tipo_menu) VALUES (999821, 999821, 999303, 'Gráfico de desempenho da média da turma', 0, 'module/Reports/DesempenhoMediaTurma', '_self', 1, 15, 192, 1);
INSERT INTO pmicontrolesis.menu (cod_menu, ref_cod_menu_submenu, ref_cod_menu_pai, tt_menu, ord_menu, caminho, alvo, suprime_menu, ref_cod_tutormenu, ref_cod_ico, tipo_menu) VALUES (999833, 999833, 999303, 'Gráfico quantitativo de alunos alfabetizados', 0, 'module/Reports/AlunosAlfabetizados', '_self', 1, 15, 192, 1);
INSERT INTO pmicontrolesis.menu (cod_menu, ref_cod_menu_submenu, ref_cod_menu_pai, tt_menu, ord_menu, caminho, alvo, suprime_menu, ref_cod_tutormenu, ref_cod_ico, tipo_menu) VALUES (999611, 999611, 999303, 'Gráfico de alunos que utilizam transporte', 0, 'module/Reports/GraficoAlunoTransporte', '_self', 1, 15, 192, 2);
INSERT INTO pmicontrolesis.menu (cod_menu, ref_cod_menu_submenu, ref_cod_menu_pai, tt_menu, ord_menu, caminho, alvo, suprime_menu, ref_cod_tutormenu, ref_cod_ico, tipo_menu) VALUES (999842, 999842, 999303, 'Gráfico comparativo de médias por disciplina', 0, 'module/Reports/GraficoMediasDisciplina', '_self', 1, 15, 192, null);
INSERT INTO pmicontrolesis.menu (cod_menu, ref_cod_menu_submenu, ref_cod_menu_pai, tt_menu, ord_menu, caminho, alvo, suprime_menu, ref_cod_tutormenu, ref_cod_ico, tipo_menu) VALUES (21248, 21248, 999924, 'Demandas x disponibilidade de vagas na Ed. Infantil', 0, 'module/Reports/DemandasDisponibilidadeVagasInfantil', '_self', 1, 15, 192, 1);
INSERT INTO pmicontrolesis.menu (cod_menu, ref_cod_menu_submenu, ref_cod_menu_pai, tt_menu, ord_menu, caminho, alvo, suprime_menu, ref_cod_tutormenu, ref_cod_ico, tipo_menu) VALUES (999844, 999844, 999924, 'Lista de espera da reserva de vaga', 0, 'module/Reports/ListaReservaVaga', '_self', 1, 15, 192, 1);
INSERT INTO pmicontrolesis.menu (cod_menu, ref_cod_menu_submenu, ref_cod_menu_pai, tt_menu, ord_menu, caminho, alvo, suprime_menu, ref_cod_tutormenu, ref_cod_ico, tipo_menu) VALUES (999814, 999814, 999924, 'Protocolo do candidato à reserva de vaga', 0, 'module/Reports/ProtocoloCandidatoReserva', '_self', 1, 15, 155, 2);
INSERT INTO pmicontrolesis.menu (cod_menu, ref_cod_menu_submenu, ref_cod_menu_pai, tt_menu, ord_menu, caminho, alvo, suprime_menu, ref_cod_tutormenu, ref_cod_ico, tipo_menu) VALUES (999826, 999826, 999924, 'Relatório de reservas de vagas por escola', 0, 'module/Reports/RelacaoReservaVaga', '_self', 1, 15, 192, null);
INSERT INTO pmicontrolesis.menu (cod_menu, ref_cod_menu_submenu, ref_cod_menu_pai, tt_menu, ord_menu, caminho, alvo, suprime_menu, ref_cod_tutormenu, ref_cod_ico, tipo_menu) VALUES (999863, 999863, 999924, 'Situação das reservas de vagas', 0, 'module/Reports/SituacaoReservaVaga', '_self', 1, 15, 192, null);
INSERT INTO pmicontrolesis.menu (cod_menu, ref_cod_menu_submenu, ref_cod_menu_pai, tt_menu, ord_menu, caminho, alvo, suprime_menu, ref_cod_tutormenu, ref_cod_ico, tipo_menu) VALUES (999102, 999102, 999400, 'Atestado de frequência', 0, 'module/Reports/AtestadoFrequencia', '_self', 1, 15, 156, null);
INSERT INTO pmicontrolesis.menu (cod_menu, ref_cod_menu_submenu, ref_cod_menu_pai, tt_menu, ord_menu, caminho, alvo, suprime_menu, ref_cod_tutormenu, ref_cod_ico, tipo_menu) VALUES (999103, 999103, 999400, 'Atestado de matrícula', 0, 'module/Reports/AtestadoMatricula', '_self', 1, 15, 192, null);
INSERT INTO pmicontrolesis.menu (cod_menu, ref_cod_menu_submenu, ref_cod_menu_pai, tt_menu, ord_menu, caminho, alvo, suprime_menu, ref_cod_tutormenu, ref_cod_ico, tipo_menu) VALUES (999100, 999100, 999400, 'Atestado de vaga', 0, 'module/Reports/AtestadoVaga', '_self', 1, 15, 153, null);
INSERT INTO pmicontrolesis.menu (cod_menu, ref_cod_menu_submenu, ref_cod_menu_pai, tt_menu, ord_menu, caminho, alvo, suprime_menu, ref_cod_tutormenu, ref_cod_ico, tipo_menu) VALUES (999216, 999216, 999400, 'Atestado de transferência', 0, 'module/Reports/AtestadoTransferencia', '_self', 1, 15, 192, null);
INSERT INTO pmicontrolesis.menu (cod_menu, ref_cod_menu_submenu, ref_cod_menu_pai, tt_menu, ord_menu, caminho, alvo, suprime_menu, ref_cod_tutormenu, ref_cod_ico, tipo_menu) VALUES (999226, 999226, 999400, 'Utilização da imagem do aluno', 0, 'module/Reports/AutorizacaoAluno', '_self', 1, 15, 192, null);
INSERT INTO pmicontrolesis.menu (cod_menu, ref_cod_menu_submenu, ref_cod_menu_pai, tt_menu, ord_menu, caminho, alvo, suprime_menu, ref_cod_tutormenu, ref_cod_ico, tipo_menu) VALUES (999232, 999232, 999400, 'Termo de compromisso da educação infantil', 0, 'module/Reports/TermoEducacaoInfantil', '_self', 1, 15, 192, null);
INSERT INTO pmicontrolesis.menu (cod_menu, ref_cod_menu_submenu, ref_cod_menu_pai, tt_menu, ord_menu, caminho, alvo, suprime_menu, ref_cod_tutormenu, ref_cod_ico, tipo_menu) VALUES (999806, 999806, 999400, 'Atestado de abandono', 0, 'module/Reports/AtestadoAbandono', '_self', 1, 15, 192, null);
INSERT INTO pmicontrolesis.menu (cod_menu, ref_cod_menu_submenu, ref_cod_menu_pai, tt_menu, ord_menu, caminho, alvo, suprime_menu, ref_cod_tutormenu, ref_cod_ico, tipo_menu) VALUES (999810, 999810, 999400, 'Atestado de escolaridade', 0, 'module/Reports/AtestadoEscolaridade', '_self', 1, 15, 192, null);
INSERT INTO pmicontrolesis.menu (cod_menu, ref_cod_menu_submenu, ref_cod_menu_pai, tt_menu, ord_menu, caminho, alvo, suprime_menu, ref_cod_tutormenu, ref_cod_ico, tipo_menu) VALUES (999812, 999812, 999400, 'Declaração de conclusão de curso', 0, 'module/Reports/DeclaracaoConclusaoCurso', '_self', 1, 15, 21, null);
INSERT INTO pmicontrolesis.menu (cod_menu, ref_cod_menu_submenu, ref_cod_menu_pai, tt_menu, ord_menu, caminho, alvo, suprime_menu, ref_cod_tutormenu, ref_cod_ico, tipo_menu) VALUES (999851, 999851, 999400, 'Termo de ausência', 0, 'module/Reports/TermoAusencia', '_self', 1, 15, 192, null);
INSERT INTO pmicontrolesis.menu (cod_menu, ref_cod_menu_submenu, ref_cod_menu_pai, tt_menu, ord_menu, caminho, alvo, suprime_menu, ref_cod_tutormenu, ref_cod_ico, tipo_menu) VALUES (999853, 999853, 999400, 'Termo de desistência de vaga', 0, 'module/Reports/TermoDesistenciaVaga', '_self', 1, 15, 192, null);
INSERT INTO pmicontrolesis.menu (cod_menu, ref_cod_menu_submenu, ref_cod_menu_pai, tt_menu, ord_menu, caminho, alvo, suprime_menu, ref_cod_tutormenu, ref_cod_ico, tipo_menu) VALUES (999229, 999229, 999400, 'Declaração de anuência para menor', 0, 'module/Reports/DeclaracaoAnuencia', '_self', 1, 15, 192, null);
INSERT INTO pmicontrolesis.menu (cod_menu, ref_cod_menu_submenu, ref_cod_menu_pai, tt_menu, ord_menu, caminho, alvo, suprime_menu, ref_cod_tutormenu, ref_cod_ico, tipo_menu) VALUES (999202, 999202, 999450, 'Boletim escolar', 0, 'module/Reports/Boletim', '_self', 1, 15, 110, null);
INSERT INTO pmicontrolesis.menu (cod_menu, ref_cod_menu_submenu, ref_cod_menu_pai, tt_menu, ord_menu, caminho, alvo, suprime_menu, ref_cod_tutormenu, ref_cod_ico, tipo_menu) VALUES (999205, 999205, 999450, 'Boletim do professor', 0, 'module/Reports/BoletimProfessor', '_self', 1, 15, 192, null);
INSERT INTO pmicontrolesis.menu (cod_menu, ref_cod_menu_submenu, ref_cod_menu_pai, tt_menu, ord_menu, caminho, alvo, suprime_menu, ref_cod_tutormenu, ref_cod_ico, tipo_menu) VALUES (999819, 999819, 999450, 'Ficha de acompanhamento do aluno', 0, 'module/Reports/FichaAcompanhamentoAluno', '_self', 1, 15, 192, null);
INSERT INTO pmicontrolesis.menu (cod_menu, ref_cod_menu_submenu, ref_cod_menu_pai, tt_menu, ord_menu, caminho, alvo, suprime_menu, ref_cod_tutormenu, ref_cod_ico, tipo_menu) VALUES (999824, 999824, 999450, 'Parecer descritivo por etapa', 0, 'module/Reports/BoletimParecerAluno', '_self', 1, 15, 192, null);
INSERT INTO pmicontrolesis.menu (cod_menu, ref_cod_menu_submenu, ref_cod_menu_pai, tt_menu, ord_menu, caminho, alvo, suprime_menu, ref_cod_tutormenu, ref_cod_ico, tipo_menu) VALUES (999876, 999876, 999450, 'Ficha individual - EJA', 0, 'module/Reports/FichaIndividualEJA', '_self', 1, 15, 192, null);
INSERT INTO pmicontrolesis.menu (cod_menu, ref_cod_menu_submenu, ref_cod_menu_pai, tt_menu, ord_menu, caminho, alvo, suprime_menu, ref_cod_tutormenu, ref_cod_ico, tipo_menu) VALUES (999881, 999881, 999450, 'Boletim de transferência', 0, 'module/Reports/BoletimTransferencia', '_self', 1, 15, 192, null);
INSERT INTO pmicontrolesis.menu (cod_menu, ref_cod_menu_submenu, ref_cod_menu_pai, tt_menu, ord_menu, caminho, alvo, suprime_menu, ref_cod_tutormenu, ref_cod_ico, tipo_menu) VALUES (999222, 999222, 999450, 'Ficha individual - PA', 0, 'module/Reports/FichaIndividualPA', '_self', 1, 15, 192, null);
INSERT INTO pmicontrolesis.menu (cod_menu, ref_cod_menu_submenu, ref_cod_menu_pai, tt_menu, ord_menu, caminho, alvo, suprime_menu, ref_cod_tutormenu, ref_cod_ico, tipo_menu) VALUES (999817, 999817, 999450, 'Ficha individual (Ed. Infantil) - PA', 0, 'module/Reports/FichaIndividualPAEducInfantil', '_self', 1, 15, 192, null);
INSERT INTO pmicontrolesis.menu (cod_menu, ref_cod_menu_submenu, ref_cod_menu_pai, tt_menu, ord_menu, caminho, alvo, suprime_menu, ref_cod_tutormenu, ref_cod_ico, tipo_menu) VALUES (999862, 999862, 999450, 'Ficha individual - AL', 0, 'module/Reports/FichaIndividualAL', '_self', 1, 15, 192, null);
INSERT INTO pmicontrolesis.menu (cod_menu, ref_cod_menu_submenu, ref_cod_menu_pai, tt_menu, ord_menu, caminho, alvo, suprime_menu, ref_cod_tutormenu, ref_cod_ico, tipo_menu) VALUES (999864, 999864, 999450, 'Ficha individual (6º ao 9º ano) - AL', 0, 'module/Reports/FichaIndividualAL6a9', '_self', 1, 15, 192, null);
INSERT INTO pmicontrolesis.menu (cod_menu, ref_cod_menu_submenu, ref_cod_menu_pai, tt_menu, ord_menu, caminho, alvo, suprime_menu, ref_cod_tutormenu, ref_cod_ico, tipo_menu) VALUES (999609, 999609, 999925, 'Mapa do conselho de classe', 0, 'module/Reports/MapaConselhoClasse', '_self', 1, 15, 192, null);
INSERT INTO pmicontrolesis.menu (cod_menu, ref_cod_menu_submenu, ref_cod_menu_pai, tt_menu, ord_menu, caminho, alvo, suprime_menu, ref_cod_tutormenu, ref_cod_ico, tipo_menu) VALUES (999608, 999608, 999925, 'Resultado final', 0, 'module/Reports/ResultadoFinal', '_self', 1, 15, 192, null);
INSERT INTO pmicontrolesis.menu (cod_menu, ref_cod_menu_submenu, ref_cod_menu_pai, tt_menu, ord_menu, caminho, alvo, suprime_menu, ref_cod_tutormenu, ref_cod_ico, tipo_menu) VALUES (999886, 999886, 999925, 'Mapa final por disciplina', 6, 'module/Reports/MapaFinalPorDisciplina', '_self', 1, 15, 192, null);
INSERT INTO pmicontrolesis.menu (cod_menu, ref_cod_menu_submenu, ref_cod_menu_pai, tt_menu, ord_menu, caminho, alvo, suprime_menu, ref_cod_tutormenu, ref_cod_ico, tipo_menu) VALUES (999884, 999884, 999807, 'Certificado de conclusão da Educação Infantil', 0, 'module/Reports/CertificadoEducacaoInfantil', '_self', 1, 15, 122, null);
INSERT INTO pmicontrolesis.menu (cod_menu, ref_cod_menu_submenu, ref_cod_menu_pai, tt_menu, ord_menu, caminho, alvo, suprime_menu, ref_cod_tutormenu, ref_cod_ico, tipo_menu) VALUES (999808, 999808, 999807, 'Certificado de conclusão do Ensino Fundamental', 0, 'module/Reports/CertificadoEnsinoFundamental', '_self', 1, 15, 122, null);
INSERT INTO pmicontrolesis.menu (cod_menu, ref_cod_menu_submenu, ref_cod_menu_pai, tt_menu, ord_menu, caminho, alvo, suprime_menu, ref_cod_tutormenu, ref_cod_ico, tipo_menu) VALUES (999203, 999203, 999861, 'Ficha do aluno', 0, 'module/Reports/FichaAluno', '_self', 1, 15, 190, 2);
INSERT INTO pmicontrolesis.menu (cod_menu, ref_cod_menu_submenu, ref_cod_menu_pai, tt_menu, ord_menu, caminho, alvo, suprime_menu, ref_cod_tutormenu, ref_cod_ico, tipo_menu) VALUES (999204, 999204, 999861, 'Ficha do aluno em branco', 0, 'module/Reports/FichaAlunoBranco', '_self', 1, 15, 192, 2);
INSERT INTO pmicontrolesis.menu (cod_menu, ref_cod_menu_submenu, ref_cod_menu_pai, tt_menu, ord_menu, caminho, alvo, suprime_menu, ref_cod_tutormenu, ref_cod_ico, tipo_menu) VALUES (999220, 999220, 999861, 'Ficha médica do aluno', 0, 'module/Reports/FichaMedicaAluno', '_self', 1, 15, 192, 2);
INSERT INTO pmicontrolesis.menu (cod_menu, ref_cod_menu_submenu, ref_cod_menu_pai, tt_menu, ord_menu, caminho, alvo, suprime_menu, ref_cod_tutormenu, ref_cod_ico, tipo_menu) VALUES (999225, 999225, 999861, 'Ficha de moradia do aluno', 0, 'module/Reports/MoradiaAluno', '_self', 1, 15, 192, 2);
INSERT INTO pmicontrolesis.menu (cod_menu, ref_cod_menu_submenu, ref_cod_menu_pai, tt_menu, ord_menu, caminho, alvo, suprime_menu, ref_cod_tutormenu, ref_cod_ico, tipo_menu) VALUES (999236, 999236, 999500, 'Registro de frequência - Ed. Infantil', 0, 'module/Reports/RegistroFrequenciaEducInfantil', '_self', 1, 15, 192, null);
INSERT INTO pmicontrolesis.menu (cod_menu, ref_cod_menu_submenu, ref_cod_menu_pai, tt_menu, ord_menu, caminho, alvo, suprime_menu, ref_cod_tutormenu, ref_cod_ico, tipo_menu) VALUES (999846, 999846, 999500, 'Registros do conselho de classe', 0, 'module/Reports/RegistroConselhoClasse', '_self', 1, 15, 192, null);
INSERT INTO pmicontrolesis.menu (cod_menu, ref_cod_menu_submenu, ref_cod_menu_pai, tt_menu, ord_menu, caminho, alvo, suprime_menu, ref_cod_tutormenu, ref_cod_ico, tipo_menu) VALUES (999843, 999843, 999300, 'Relatório de anos letivos por escola', 0, 'module/Reports/AnosLetivosEscola', '_self', 1, 15, 127, null);
INSERT INTO pmicontrolesis.menu (cod_menu, ref_cod_menu_submenu, ref_cod_menu_pai, tt_menu, ord_menu, caminho, alvo, suprime_menu, ref_cod_tutormenu, ref_cod_ico, tipo_menu) VALUES (999217, 999217, 999300, 'Relatório de ocorrências disciplinares por aluno', 0, 'module/Reports/OcorrenciaDisciplinar', '_self', 1, 15, 192, 2);
INSERT INTO pmicontrolesis.menu (cod_menu, ref_cod_menu_submenu, ref_cod_menu_pai, tt_menu, ord_menu, caminho, alvo, suprime_menu, ref_cod_tutormenu, ref_cod_ico, tipo_menu) VALUES (999818, 999818, 999500, 'Canhoto do professor', 0, 'module/Reports/CanhotoProfessor', '_self', 1, 15, 192, null);
INSERT INTO pmicontrolesis.menu (cod_menu, ref_cod_menu_submenu, ref_cod_menu_pai, tt_menu, ord_menu, caminho, alvo, suprime_menu, ref_cod_tutormenu, ref_cod_ico, tipo_menu) VALUES (999813, 999813, 999922, 'Relatório de frequência de alunos por escola', 0, 'module/Reports/FrequenciaEscola', '_self', 1, 15, 155, 2);
INSERT INTO pmicontrolesis.menu (cod_menu, ref_cod_menu_submenu, ref_cod_menu_pai, tt_menu, ord_menu, caminho, alvo, suprime_menu, ref_cod_tutormenu, ref_cod_ico, tipo_menu) VALUES (999859, 999859, 999915, 'Quantitativo de docentes por turma', 0, 'module/Reports/DocentesPorTurma', '_self', 1, 19, 192, 1);
INSERT INTO pmicontrolesis.menu (cod_menu, ref_cod_menu_submenu, ref_cod_menu_pai, tt_menu, ord_menu, caminho, alvo, suprime_menu, ref_cod_tutormenu, ref_cod_ico, tipo_menu) VALUES (21241, 21241, 9998846, 'Carteira de transporte', 0, 'module/Reports/TransporteCarteira', '_self', 1, 17, 192, null);
INSERT INTO pmicontrolesis.menu (cod_menu, ref_cod_menu_submenu, ref_cod_menu_pai, tt_menu, ord_menu, caminho, alvo, suprime_menu, ref_cod_tutormenu, ref_cod_ico, tipo_menu) VALUES (21252, 21252, 9998847, 'Relatório de motoristas do transporte', 0, 'module/Reports/RelatorioMotorista', '_self', 1, 17, 192, null);
INSERT INTO pmicontrolesis.menu (cod_menu, ref_cod_menu_submenu, ref_cod_menu_pai, tt_menu, ord_menu, caminho, alvo, suprime_menu, ref_cod_tutormenu, ref_cod_ico, tipo_menu) VALUES (999825, 999825, 9998847, 'Relatório de usuários do transporte', 0, 'module/Reports/RelacaoUsuarioTransporte', '_self', 1, 17, 192, null);
INSERT INTO pmicontrolesis.menu (cod_menu, ref_cod_menu_submenu, ref_cod_menu_pai, tt_menu, ord_menu, caminho, alvo, suprime_menu, ref_cod_tutormenu, ref_cod_ico, tipo_menu) VALUES (21242, 21242, 9998847, 'Relatório de rotas do transporte', 0, 'module/Reports/RelatorioRota', '_self', 1, 17, 192, null);
INSERT INTO pmicontrolesis.menu (cod_menu, ref_cod_menu_submenu, ref_cod_menu_pai, tt_menu, ord_menu, caminho, alvo, suprime_menu, ref_cod_tutormenu, ref_cod_ico, tipo_menu) VALUES (21249, 21249, 9998847, 'Relatório de alunos do transporte', 0, 'module/Reports/UsuariosTransporteKm', '_self', 1, 17, 192, null);
INSERT INTO pmicontrolesis.menu (cod_menu, ref_cod_menu_submenu, ref_cod_menu_pai, tt_menu, ord_menu, caminho, alvo, suprime_menu, ref_cod_tutormenu, ref_cod_ico, tipo_menu) VALUES (21243, 21243, 9998847, 'Relatório de usuários do transporte por empresa', 0, 'module/Reports/UsuariosTransporteEmpresa', '_self', 1, 17, 192, null);
INSERT INTO pmicontrolesis.menu (cod_menu, ref_cod_menu_submenu, ref_cod_menu_pai, tt_menu, ord_menu, caminho, alvo, suprime_menu, ref_cod_tutormenu, ref_cod_ico, tipo_menu) VALUES (9998865, 9998865, 999924, 'Relatório de candidatos à fila única', 0, 'module/Reports/CandidatoFilaUnica', '_self', 1, 15, 192, null);
INSERT INTO pmicontrolesis.menu (cod_menu, ref_cod_menu_submenu, ref_cod_menu_pai, tt_menu, ord_menu, caminho, alvo, suprime_menu, ref_cod_tutormenu, ref_cod_ico, tipo_menu) VALUES (9998866, 9998866, 999450, 'Ficha individual - Resende', 0, 'module/Reports/FichaIndividualResende', '_self', 1, 15, 192, null);


INSERT INTO pmieducar.menu_tipo_usuario (ref_cod_tipo_usuario, ref_cod_menu_submenu, cadastra, visualiza, exclui) VALUES (1, 999101, 1, 0, 1);
INSERT INTO pmieducar.menu_tipo_usuario (ref_cod_tipo_usuario, ref_cod_menu_submenu, cadastra, visualiza, exclui) VALUES (1, 999103, 1, 0, 1);
INSERT INTO pmieducar.menu_tipo_usuario (ref_cod_tipo_usuario, ref_cod_menu_submenu, cadastra, visualiza, exclui) VALUES (1, 999102, 1, 0, 1);
INSERT INTO pmieducar.menu_tipo_usuario (ref_cod_tipo_usuario, ref_cod_menu_submenu, cadastra, visualiza, exclui) VALUES (1, 999100, 1, 0, 1);
INSERT INTO pmieducar.menu_tipo_usuario (ref_cod_tipo_usuario, ref_cod_menu_submenu, cadastra, visualiza, exclui) VALUES (1, 999201, 1, 0, 1);
INSERT INTO pmieducar.menu_tipo_usuario (ref_cod_tipo_usuario, ref_cod_menu_submenu, cadastra, visualiza, exclui) VALUES (1, 999202, 1, 0, 1);
INSERT INTO pmieducar.menu_tipo_usuario (ref_cod_tipo_usuario, ref_cod_menu_submenu, cadastra, visualiza, exclui) VALUES (1, 999203, 1, 0, 1);
INSERT INTO pmieducar.menu_tipo_usuario (ref_cod_tipo_usuario, ref_cod_menu_submenu, cadastra, visualiza, exclui) VALUES (1, 999204, 1, 0, 1);
INSERT INTO pmieducar.menu_tipo_usuario (ref_cod_tipo_usuario, ref_cod_menu_submenu, cadastra, visualiza, exclui) VALUES (1, 999105, 1, 0, 1);
INSERT INTO pmieducar.menu_tipo_usuario (ref_cod_tipo_usuario, ref_cod_menu_submenu, cadastra, visualiza, exclui) VALUES (1, 999205, 1, 0, 1);
INSERT INTO pmieducar.menu_tipo_usuario (ref_cod_tipo_usuario, ref_cod_menu_submenu, cadastra, visualiza, exclui) VALUES (1, 999501, 1, 0, 1);
INSERT INTO pmieducar.menu_tipo_usuario (ref_cod_tipo_usuario, ref_cod_menu_submenu, cadastra, visualiza, exclui) VALUES (1, 999502, 1, 0, 1);
INSERT INTO pmieducar.menu_tipo_usuario (ref_cod_tipo_usuario, ref_cod_menu_submenu, cadastra, visualiza, exclui) VALUES (1, 999503, 1, 0, 1);
INSERT INTO pmieducar.menu_tipo_usuario (ref_cod_tipo_usuario, ref_cod_menu_submenu, cadastra, visualiza, exclui) VALUES (1, 999504, 1, 0, 1);
INSERT INTO pmieducar.menu_tipo_usuario (ref_cod_tipo_usuario, ref_cod_menu_submenu, cadastra, visualiza, exclui) VALUES (1, 999505, 1, 0, 1);
INSERT INTO pmieducar.menu_tipo_usuario (ref_cod_tipo_usuario, ref_cod_menu_submenu, cadastra, visualiza, exclui) VALUES (1, 999507, 1, 0, 1);
INSERT INTO pmieducar.menu_tipo_usuario (ref_cod_tipo_usuario, ref_cod_menu_submenu, cadastra, visualiza, exclui) VALUES (1, 999506, 1, 0, 1);
INSERT INTO pmieducar.menu_tipo_usuario (ref_cod_tipo_usuario, ref_cod_menu_submenu, cadastra, visualiza, exclui) VALUES (1, 999200, 1, 0, 1);
INSERT INTO pmieducar.menu_tipo_usuario (ref_cod_tipo_usuario, ref_cod_menu_submenu, cadastra, visualiza, exclui) VALUES (1, 999216, 1, 0, 1);
INSERT INTO pmieducar.menu_tipo_usuario (ref_cod_tipo_usuario, ref_cod_menu_submenu, cadastra, visualiza, exclui) VALUES (1, 999107, 1, 0, 1);
INSERT INTO pmieducar.menu_tipo_usuario (ref_cod_tipo_usuario, ref_cod_menu_submenu, cadastra, visualiza, exclui) VALUES (1, 999217, 1, 0, 1);
INSERT INTO pmieducar.menu_tipo_usuario (ref_cod_tipo_usuario, ref_cod_menu_submenu, cadastra, visualiza, exclui) VALUES (1, 999601, 1, 0, 1);
INSERT INTO pmieducar.menu_tipo_usuario (ref_cod_tipo_usuario, ref_cod_menu_submenu, cadastra, visualiza, exclui) VALUES (1, 999602, 1, 0, 1);
INSERT INTO pmieducar.menu_tipo_usuario (ref_cod_tipo_usuario, ref_cod_menu_submenu, cadastra, visualiza, exclui) VALUES (1, 999108, 1, 0, 1);
INSERT INTO pmieducar.menu_tipo_usuario (ref_cod_tipo_usuario, ref_cod_menu_submenu, cadastra, visualiza, exclui) VALUES (1, 999109, 1, 0, 1);
INSERT INTO pmieducar.menu_tipo_usuario (ref_cod_tipo_usuario, ref_cod_menu_submenu, cadastra, visualiza, exclui) VALUES (1, 999605, 1, 0, 1);
INSERT INTO pmieducar.menu_tipo_usuario (ref_cod_tipo_usuario, ref_cod_menu_submenu, cadastra, visualiza, exclui) VALUES (1, 999606, 1, 0, 1);
INSERT INTO pmieducar.menu_tipo_usuario (ref_cod_tipo_usuario, ref_cod_menu_submenu, cadastra, visualiza, exclui) VALUES (1, 999607, 1, 0, 1);
INSERT INTO pmieducar.menu_tipo_usuario (ref_cod_tipo_usuario, ref_cod_menu_submenu, cadastra, visualiza, exclui) VALUES (1, 999610, 1, 0, 1);
INSERT INTO pmieducar.menu_tipo_usuario (ref_cod_tipo_usuario, ref_cod_menu_submenu, cadastra, visualiza, exclui) VALUES (1, 999611, 1, 0, 1);
INSERT INTO pmieducar.menu_tipo_usuario (ref_cod_tipo_usuario, ref_cod_menu_submenu, cadastra, visualiza, exclui) VALUES (1, 999608, 1, 0, 1);
INSERT INTO pmieducar.menu_tipo_usuario (ref_cod_tipo_usuario, ref_cod_menu_submenu, cadastra, visualiza, exclui) VALUES (1, 999609, 1, 0, 1);
INSERT INTO pmieducar.menu_tipo_usuario (ref_cod_tipo_usuario, ref_cod_menu_submenu, cadastra, visualiza, exclui) VALUES (1, 999615, 1, 0, 1);
INSERT INTO pmieducar.menu_tipo_usuario (ref_cod_tipo_usuario, ref_cod_menu_submenu, cadastra, visualiza, exclui) VALUES (1, 999616, 1, 0, 1);
INSERT INTO pmieducar.menu_tipo_usuario (ref_cod_tipo_usuario, ref_cod_menu_submenu, cadastra, visualiza, exclui) VALUES (1, 999617, 1, 0, 1);
INSERT INTO pmieducar.menu_tipo_usuario (ref_cod_tipo_usuario, ref_cod_menu_submenu, cadastra, visualiza, exclui) VALUES (1, 999618, 1, 0, 1);
INSERT INTO pmieducar.menu_tipo_usuario (ref_cod_tipo_usuario, ref_cod_menu_submenu, cadastra, visualiza, exclui) VALUES (1, 999619, 1, 0, 1);
INSERT INTO pmieducar.menu_tipo_usuario (ref_cod_tipo_usuario, ref_cod_menu_submenu, cadastra, visualiza, exclui) VALUES (1, 999620, 1, 0, 1);
INSERT INTO pmieducar.menu_tipo_usuario (ref_cod_tipo_usuario, ref_cod_menu_submenu, cadastra, visualiza, exclui) VALUES (1, 999621, 1, 0, 1);
INSERT INTO pmieducar.menu_tipo_usuario (ref_cod_tipo_usuario, ref_cod_menu_submenu, cadastra, visualiza, exclui) VALUES (1, 999622, 1, 0, 1);
INSERT INTO pmieducar.menu_tipo_usuario (ref_cod_tipo_usuario, ref_cod_menu_submenu, cadastra, visualiza, exclui) VALUES (1, 999814, 1, 1, 1);
INSERT INTO pmieducar.menu_tipo_usuario (ref_cod_tipo_usuario, ref_cod_menu_submenu, cadastra, visualiza, exclui) VALUES (1, 21247, 1, 0, 1);
INSERT INTO pmieducar.menu_tipo_usuario (ref_cod_tipo_usuario, ref_cod_menu_submenu, cadastra, visualiza, exclui) VALUES (1, 21248, 1, 1, 1);
INSERT INTO pmieducar.menu_tipo_usuario (ref_cod_tipo_usuario, ref_cod_menu_submenu, cadastra, visualiza, exclui) VALUES (1, 21249, 1, 0, 1);
INSERT INTO pmieducar.menu_tipo_usuario (ref_cod_tipo_usuario, ref_cod_menu_submenu, cadastra, visualiza, exclui) VALUES (1, 999815, 1, 1, 1);
INSERT INTO pmieducar.menu_tipo_usuario (ref_cod_tipo_usuario, ref_cod_menu_submenu, cadastra, visualiza, exclui) VALUES (1, 999816, 1, 1, 1);
INSERT INTO pmieducar.menu_tipo_usuario (ref_cod_tipo_usuario, ref_cod_menu_submenu, cadastra, visualiza, exclui) VALUES (1, 21252, 1, 1, 1);
INSERT INTO pmieducar.menu_tipo_usuario (ref_cod_tipo_usuario, ref_cod_menu_submenu, cadastra, visualiza, exclui) VALUES (1, 999819, 1, 0, 1);
INSERT INTO pmieducar.menu_tipo_usuario (ref_cod_tipo_usuario, ref_cod_menu_submenu, cadastra, visualiza, exclui) VALUES (1, 999821, 1, 1, 1);
INSERT INTO pmieducar.menu_tipo_usuario (ref_cod_tipo_usuario, ref_cod_menu_submenu, cadastra, visualiza, exclui) VALUES (1, 999822, 1, 1, 1);
INSERT INTO pmieducar.menu_tipo_usuario (ref_cod_tipo_usuario, ref_cod_menu_submenu, cadastra, visualiza, exclui) VALUES (1, 999823, 1, 0, 1);
INSERT INTO pmieducar.menu_tipo_usuario (ref_cod_tipo_usuario, ref_cod_menu_submenu, cadastra, visualiza, exclui) VALUES (1, 999828, 1, 0, 1);
INSERT INTO pmieducar.menu_tipo_usuario (ref_cod_tipo_usuario, ref_cod_menu_submenu, cadastra, visualiza, exclui) VALUES (1, 999824, 1, 1, 1);
INSERT INTO pmieducar.menu_tipo_usuario (ref_cod_tipo_usuario, ref_cod_menu_submenu, cadastra, visualiza, exclui) VALUES (1, 999830, 1, 0, 1);
INSERT INTO pmieducar.menu_tipo_usuario (ref_cod_tipo_usuario, ref_cod_menu_submenu, cadastra, visualiza, exclui) VALUES (1, 999825, 1, 0, 1);
INSERT INTO pmieducar.menu_tipo_usuario (ref_cod_tipo_usuario, ref_cod_menu_submenu, cadastra, visualiza, exclui) VALUES (1, 999826, 1, 0, 1);
INSERT INTO pmieducar.menu_tipo_usuario (ref_cod_tipo_usuario, ref_cod_menu_submenu, cadastra, visualiza, exclui) VALUES (1, 9998860, 1, 1, 1);
INSERT INTO pmieducar.menu_tipo_usuario (ref_cod_tipo_usuario, ref_cod_menu_submenu, cadastra, visualiza, exclui) VALUES (1, 999233, 1, 1, 1);
INSERT INTO pmieducar.menu_tipo_usuario (ref_cod_tipo_usuario, ref_cod_menu_submenu, cadastra, visualiza, exclui) VALUES (1, 999833, 1, 1, 1);
INSERT INTO pmieducar.menu_tipo_usuario (ref_cod_tipo_usuario, ref_cod_menu_submenu, cadastra, visualiza, exclui) VALUES (1, 999834, 1, 0, 1);
INSERT INTO pmieducar.menu_tipo_usuario (ref_cod_tipo_usuario, ref_cod_menu_submenu, cadastra, visualiza, exclui) VALUES (1, 999509, 1, 1, 1);
INSERT INTO pmieducar.menu_tipo_usuario (ref_cod_tipo_usuario, ref_cod_menu_submenu, cadastra, visualiza, exclui) VALUES (1, 999612, 1, 1, 1);
INSERT INTO pmieducar.menu_tipo_usuario (ref_cod_tipo_usuario, ref_cod_menu_submenu, cadastra, visualiza, exclui) VALUES (1, 999840, 1, 1, 1);
INSERT INTO pmieducar.menu_tipo_usuario (ref_cod_tipo_usuario, ref_cod_menu_submenu, cadastra, visualiza, exclui) VALUES (1, 999843, 1, 0, 1);
INSERT INTO pmieducar.menu_tipo_usuario (ref_cod_tipo_usuario, ref_cod_menu_submenu, cadastra, visualiza, exclui) VALUES (1, 999841, 1, 1, 1);
INSERT INTO pmieducar.menu_tipo_usuario (ref_cod_tipo_usuario, ref_cod_menu_submenu, cadastra, visualiza, exclui) VALUES (1, 999842, 1, 1, 1);
INSERT INTO pmieducar.menu_tipo_usuario (ref_cod_tipo_usuario, ref_cod_menu_submenu, cadastra, visualiza, exclui) VALUES (1, 999844, 1, 1, 1);
INSERT INTO pmieducar.menu_tipo_usuario (ref_cod_tipo_usuario, ref_cod_menu_submenu, cadastra, visualiza, exclui) VALUES (1, 999845, 1, 1, 1);
INSERT INTO pmieducar.menu_tipo_usuario (ref_cod_tipo_usuario, ref_cod_menu_submenu, cadastra, visualiza, exclui) VALUES (1, 999846, 1, 1, 1);
INSERT INTO pmieducar.menu_tipo_usuario (ref_cod_tipo_usuario, ref_cod_menu_submenu, cadastra, visualiza, exclui) VALUES (1, 999851, 1, 1, 1);
INSERT INTO pmieducar.menu_tipo_usuario (ref_cod_tipo_usuario, ref_cod_menu_submenu, cadastra, visualiza, exclui) VALUES (1, 999853, 1, 1, 1);
INSERT INTO pmieducar.menu_tipo_usuario (ref_cod_tipo_usuario, ref_cod_menu_submenu, cadastra, visualiza, exclui) VALUES (1, 999854, 1, 1, 1);
INSERT INTO pmieducar.menu_tipo_usuario (ref_cod_tipo_usuario, ref_cod_menu_submenu, cadastra, visualiza, exclui) VALUES (1, 999855, 1, 1, 1);
INSERT INTO pmieducar.menu_tipo_usuario (ref_cod_tipo_usuario, ref_cod_menu_submenu, cadastra, visualiza, exclui) VALUES (1, 999856, 1, 1, 1);
INSERT INTO pmieducar.menu_tipo_usuario (ref_cod_tipo_usuario, ref_cod_menu_submenu, cadastra, visualiza, exclui) VALUES (1, 999857, 1, 1, 1);
INSERT INTO pmieducar.menu_tipo_usuario (ref_cod_tipo_usuario, ref_cod_menu_submenu, cadastra, visualiza, exclui) VALUES (1, 9998857, 1, 1, 1);
INSERT INTO pmieducar.menu_tipo_usuario (ref_cod_tipo_usuario, ref_cod_menu_submenu, cadastra, visualiza, exclui) VALUES (1, 999862, 1, 1, 1);
INSERT INTO pmieducar.menu_tipo_usuario (ref_cod_tipo_usuario, ref_cod_menu_submenu, cadastra, visualiza, exclui) VALUES (1, 999863, 1, 1, 1);
INSERT INTO pmieducar.menu_tipo_usuario (ref_cod_tipo_usuario, ref_cod_menu_submenu, cadastra, visualiza, exclui) VALUES (1, 999864, 1, 1, 1);
INSERT INTO pmieducar.menu_tipo_usuario (ref_cod_tipo_usuario, ref_cod_menu_submenu, cadastra, visualiza, exclui) VALUES (1, 999870, 1, 1, 1);
INSERT INTO pmieducar.menu_tipo_usuario (ref_cod_tipo_usuario, ref_cod_menu_submenu, cadastra, visualiza, exclui) VALUES (1, 999871, 1, 1, 1);
INSERT INTO pmieducar.menu_tipo_usuario (ref_cod_tipo_usuario, ref_cod_menu_submenu, cadastra, visualiza, exclui) VALUES (1, 999872, 1, 1, 1);
INSERT INTO pmieducar.menu_tipo_usuario (ref_cod_tipo_usuario, ref_cod_menu_submenu, cadastra, visualiza, exclui) VALUES (1, 999877, 1, 1, 1);
INSERT INTO pmieducar.menu_tipo_usuario (ref_cod_tipo_usuario, ref_cod_menu_submenu, cadastra, visualiza, exclui) VALUES (1, 999876, 1, 1, 1);
INSERT INTO pmieducar.menu_tipo_usuario (ref_cod_tipo_usuario, ref_cod_menu_submenu, cadastra, visualiza, exclui) VALUES (1, 999820, 1, 1, 1);
INSERT INTO pmieducar.menu_tipo_usuario (ref_cod_tipo_usuario, ref_cod_menu_submenu, cadastra, visualiza, exclui) VALUES (1, 999859, 1, 1, 1);
INSERT INTO pmieducar.menu_tipo_usuario (ref_cod_tipo_usuario, ref_cod_menu_submenu, cadastra, visualiza, exclui) VALUES (1, 21241, 1, 1, 1);
INSERT INTO pmieducar.menu_tipo_usuario (ref_cod_tipo_usuario, ref_cod_menu_submenu, cadastra, visualiza, exclui) VALUES (1, 999801, 1, 1, 1);
INSERT INTO pmieducar.menu_tipo_usuario (ref_cod_tipo_usuario, ref_cod_menu_submenu, cadastra, visualiza, exclui) VALUES (1, 999802, 1, 1, 1);
INSERT INTO pmieducar.menu_tipo_usuario (ref_cod_tipo_usuario, ref_cod_menu_submenu, cadastra, visualiza, exclui) VALUES (1, 999803, 1, 1, 1);
INSERT INTO pmieducar.menu_tipo_usuario (ref_cod_tipo_usuario, ref_cod_menu_submenu, cadastra, visualiza, exclui) VALUES (1, 999804, 1, 1, 1);
INSERT INTO pmieducar.menu_tipo_usuario (ref_cod_tipo_usuario, ref_cod_menu_submenu, cadastra, visualiza, exclui) VALUES (1, 21242, 1, 1, 1);
INSERT INTO pmieducar.menu_tipo_usuario (ref_cod_tipo_usuario, ref_cod_menu_submenu, cadastra, visualiza, exclui) VALUES (1, 999219, 1, 1, 1);
INSERT INTO pmieducar.menu_tipo_usuario (ref_cod_tipo_usuario, ref_cod_menu_submenu, cadastra, visualiza, exclui) VALUES (1, 999220, 1, 1, 1);
INSERT INTO pmieducar.menu_tipo_usuario (ref_cod_tipo_usuario, ref_cod_menu_submenu, cadastra, visualiza, exclui) VALUES (1, 999221, 1, 1, 1);
INSERT INTO pmieducar.menu_tipo_usuario (ref_cod_tipo_usuario, ref_cod_menu_submenu, cadastra, visualiza, exclui) VALUES (1, 999222, 1, 1, 1);
INSERT INTO pmieducar.menu_tipo_usuario (ref_cod_tipo_usuario, ref_cod_menu_submenu, cadastra, visualiza, exclui) VALUES (1, 999223, 1, 1, 1);
INSERT INTO pmieducar.menu_tipo_usuario (ref_cod_tipo_usuario, ref_cod_menu_submenu, cadastra, visualiza, exclui) VALUES (1, 999810, 1, 1, 1);
INSERT INTO pmieducar.menu_tipo_usuario (ref_cod_tipo_usuario, ref_cod_menu_submenu, cadastra, visualiza, exclui) VALUES (1, 999812, 1, 1, 1);
INSERT INTO pmieducar.menu_tipo_usuario (ref_cod_tipo_usuario, ref_cod_menu_submenu, cadastra, visualiza, exclui) VALUES (1, 999225, 1, 1, 1);
INSERT INTO pmieducar.menu_tipo_usuario (ref_cod_tipo_usuario, ref_cod_menu_submenu, cadastra, visualiza, exclui) VALUES (1, 999226, 1, 1, 1);
INSERT INTO pmieducar.menu_tipo_usuario (ref_cod_tipo_usuario, ref_cod_menu_submenu, cadastra, visualiza, exclui) VALUES (1, 999227, 1, 1, 1);
INSERT INTO pmieducar.menu_tipo_usuario (ref_cod_tipo_usuario, ref_cod_menu_submenu, cadastra, visualiza, exclui) VALUES (1, 999508, 1, 1, 1);
INSERT INTO pmieducar.menu_tipo_usuario (ref_cod_tipo_usuario, ref_cod_menu_submenu, cadastra, visualiza, exclui) VALUES (1, 999229, 1, 1, 1);
INSERT INTO pmieducar.menu_tipo_usuario (ref_cod_tipo_usuario, ref_cod_menu_submenu, cadastra, visualiza, exclui) VALUES (1, 21243, 1, 1, 1);
INSERT INTO pmieducar.menu_tipo_usuario (ref_cod_tipo_usuario, ref_cod_menu_submenu, cadastra, visualiza, exclui) VALUES (1, 999231, 1, 1, 1);
INSERT INTO pmieducar.menu_tipo_usuario (ref_cod_tipo_usuario, ref_cod_menu_submenu, cadastra, visualiza, exclui) VALUES (1, 999110, 1, 1, 1);
INSERT INTO pmieducar.menu_tipo_usuario (ref_cod_tipo_usuario, ref_cod_menu_submenu, cadastra, visualiza, exclui) VALUES (1, 999232, 1, 1, 1);
INSERT INTO pmieducar.menu_tipo_usuario (ref_cod_tipo_usuario, ref_cod_menu_submenu, cadastra, visualiza, exclui) VALUES (1, 999228, 1, 1, 1);
INSERT INTO pmieducar.menu_tipo_usuario (ref_cod_tipo_usuario, ref_cod_menu_submenu, cadastra, visualiza, exclui) VALUES (1, 999234, 1, 1, 1);
INSERT INTO pmieducar.menu_tipo_usuario (ref_cod_tipo_usuario, ref_cod_menu_submenu, cadastra, visualiza, exclui) VALUES (1, 999235, 1, 1, 1);
INSERT INTO pmieducar.menu_tipo_usuario (ref_cod_tipo_usuario, ref_cod_menu_submenu, cadastra, visualiza, exclui) VALUES (1, 999236, 1, 1, 1);
INSERT INTO pmieducar.menu_tipo_usuario (ref_cod_tipo_usuario, ref_cod_menu_submenu, cadastra, visualiza, exclui) VALUES (1, 999651, 1, 1, 1);
INSERT INTO pmieducar.menu_tipo_usuario (ref_cod_tipo_usuario, ref_cod_menu_submenu, cadastra, visualiza, exclui) VALUES (1, 999652, 1, 1, 1);
INSERT INTO pmieducar.menu_tipo_usuario (ref_cod_tipo_usuario, ref_cod_menu_submenu, cadastra, visualiza, exclui) VALUES (1, 999237, 1, 1, 1);
INSERT INTO pmieducar.menu_tipo_usuario (ref_cod_tipo_usuario, ref_cod_menu_submenu, cadastra, visualiza, exclui) VALUES (1, 999654, 1, 1, 1);
INSERT INTO pmieducar.menu_tipo_usuario (ref_cod_tipo_usuario, ref_cod_menu_submenu, cadastra, visualiza, exclui) VALUES (1, 999603, 1, 1, 1);
INSERT INTO pmieducar.menu_tipo_usuario (ref_cod_tipo_usuario, ref_cod_menu_submenu, cadastra, visualiza, exclui) VALUES (1, 999238, 1, 1, 1);
INSERT INTO pmieducar.menu_tipo_usuario (ref_cod_tipo_usuario, ref_cod_menu_submenu, cadastra, visualiza, exclui) VALUES (1, 999806, 1, 1, 1);
INSERT INTO pmieducar.menu_tipo_usuario (ref_cod_tipo_usuario, ref_cod_menu_submenu, cadastra, visualiza, exclui) VALUES (1, 999239, 1, 1, 1);
INSERT INTO pmieducar.menu_tipo_usuario (ref_cod_tipo_usuario, ref_cod_menu_submenu, cadastra, visualiza, exclui) VALUES (1, 999808, 1, 1, 1);
INSERT INTO pmieducar.menu_tipo_usuario (ref_cod_tipo_usuario, ref_cod_menu_submenu, cadastra, visualiza, exclui) VALUES (1, 999809, 1, 1, 1);
INSERT INTO pmieducar.menu_tipo_usuario (ref_cod_tipo_usuario, ref_cod_menu_submenu, cadastra, visualiza, exclui) VALUES (1, 999805, 1, 1, 1);
INSERT INTO pmieducar.menu_tipo_usuario (ref_cod_tipo_usuario, ref_cod_menu_submenu, cadastra, visualiza, exclui) VALUES (1, 999224, 1, 1, 1);
INSERT INTO pmieducar.menu_tipo_usuario (ref_cod_tipo_usuario, ref_cod_menu_submenu, cadastra, visualiza, exclui) VALUES (1, 999813, 1, 1, 1);
INSERT INTO pmieducar.menu_tipo_usuario (ref_cod_tipo_usuario, ref_cod_menu_submenu, cadastra, visualiza, exclui) VALUES (1, 999218, 1, 1, 1);
INSERT INTO pmieducar.menu_tipo_usuario (ref_cod_tipo_usuario, ref_cod_menu_submenu, cadastra, visualiza, exclui) VALUES (1, 999817, 1, 1, 1);
INSERT INTO pmieducar.menu_tipo_usuario (ref_cod_tipo_usuario, ref_cod_menu_submenu, cadastra, visualiza, exclui) VALUES (1, 999818, 1, 1, 1);
INSERT INTO pmieducar.menu_tipo_usuario (ref_cod_tipo_usuario, ref_cod_menu_submenu, cadastra, visualiza, exclui) VALUES (1, 999244, 1, 1, 1);
INSERT INTO pmieducar.menu_tipo_usuario (ref_cod_tipo_usuario, ref_cod_menu_submenu, cadastra, visualiza, exclui) VALUES (1, 999230, 1, 1, 1);
INSERT INTO pmieducar.menu_tipo_usuario (ref_cod_tipo_usuario, ref_cod_menu_submenu, cadastra, visualiza, exclui) VALUES (1, 999879, 1, 1, 1);
INSERT INTO pmieducar.menu_tipo_usuario (ref_cod_tipo_usuario, ref_cod_menu_submenu, cadastra, visualiza, exclui) VALUES (1, 999881, 1, 1, 1);
INSERT INTO pmieducar.menu_tipo_usuario (ref_cod_tipo_usuario, ref_cod_menu_submenu, cadastra, visualiza, exclui) VALUES (1, 999882, 1, 1, 1);
INSERT INTO pmieducar.menu_tipo_usuario (ref_cod_tipo_usuario, ref_cod_menu_submenu, cadastra, visualiza, exclui) VALUES (1, 999883, 1, 1, 1);
INSERT INTO pmieducar.menu_tipo_usuario (ref_cod_tipo_usuario, ref_cod_menu_submenu, cadastra, visualiza, exclui) VALUES (1, 999884, 1, 1, 1);
INSERT INTO pmieducar.menu_tipo_usuario (ref_cod_tipo_usuario, ref_cod_menu_submenu, cadastra, visualiza, exclui) VALUES (1, 999887, 1, 1, 1);
INSERT INTO pmieducar.menu_tipo_usuario (ref_cod_tipo_usuario, ref_cod_menu_submenu, cadastra, visualiza, exclui) VALUES (1, 999886, 1, 1, 1);
INSERT INTO pmieducar.menu_tipo_usuario (ref_cod_tipo_usuario, ref_cod_menu_submenu, cadastra, visualiza, exclui) VALUES (1, 999889, 1, 1, 1);
INSERT INTO pmieducar.menu_tipo_usuario (ref_cod_tipo_usuario, ref_cod_menu_submenu, cadastra, visualiza, exclui) VALUES (1, 999890, 1, 1, 1);
INSERT INTO pmieducar.menu_tipo_usuario (ref_cod_tipo_usuario, ref_cod_menu_submenu, cadastra, visualiza, exclui) VALUES (1, 999832, 1, 1, 1);
INSERT INTO pmieducar.menu_tipo_usuario (ref_cod_tipo_usuario, ref_cod_menu_submenu, cadastra, visualiza, exclui) VALUES (1, 999860, 1, 1, 1);
INSERT INTO pmieducar.menu_tipo_usuario (ref_cod_tipo_usuario, ref_cod_menu_submenu, cadastra, visualiza, exclui) VALUES (1, 999874, 1, 1, 1);
INSERT INTO pmieducar.menu_tipo_usuario (ref_cod_tipo_usuario, ref_cod_menu_submenu, cadastra, visualiza, exclui) VALUES (1, 9998850, 1, 1, 1);
INSERT INTO pmieducar.menu_tipo_usuario (ref_cod_tipo_usuario, ref_cod_menu_submenu, cadastra, visualiza, exclui) VALUES (1, 999891, 1, 1, 1);
INSERT INTO pmieducar.menu_tipo_usuario (ref_cod_tipo_usuario, ref_cod_menu_submenu, cadastra, visualiza, exclui) VALUES (1, 9998852, 1, 1, 1);
INSERT INTO pmieducar.menu_tipo_usuario (ref_cod_tipo_usuario, ref_cod_menu_submenu, cadastra, visualiza, exclui) VALUES (1, 9998853, 1, 1, 1);
-- INSERT INTO pmieducar.menu_tipo_usuario (ref_cod_tipo_usuario, ref_cod_menu_submenu, cadastra, visualiza, exclui) VALUES (1, 9998855, 1, 1, 1);
INSERT INTO pmieducar.menu_tipo_usuario (ref_cod_tipo_usuario, ref_cod_menu_submenu, cadastra, visualiza, exclui) VALUES (1, 9998862, 1, 1, 1);
INSERT INTO pmieducar.menu_tipo_usuario (ref_cod_tipo_usuario, ref_cod_menu_submenu, cadastra, visualiza, exclui) VALUES (1, 9998865, 1, 1, 1);
INSERT INTO pmieducar.menu_tipo_usuario (ref_cod_tipo_usuario, ref_cod_menu_submenu, cadastra, visualiza, exclui) VALUES (1, 9998866, 1, 1, 1);

INSERT INTO portal.menu_funcionario (ref_ref_cod_pessoa_fj, cadastra, exclui, ref_cod_menu_submenu) VALUES (1, 0, 0, 999203);
INSERT INTO portal.menu_funcionario (ref_ref_cod_pessoa_fj, cadastra, exclui, ref_cod_menu_submenu) VALUES (1, 0, 0, 999204);
INSERT INTO portal.menu_funcionario (ref_ref_cod_pessoa_fj, cadastra, exclui, ref_cod_menu_submenu) VALUES (1, 0, 0, 999102);
INSERT INTO portal.menu_funcionario (ref_ref_cod_pessoa_fj, cadastra, exclui, ref_cod_menu_submenu) VALUES (1, 0, 0, 999103);
INSERT INTO portal.menu_funcionario (ref_ref_cod_pessoa_fj, cadastra, exclui, ref_cod_menu_submenu) VALUES (1, 0, 0, 999100);
INSERT INTO portal.menu_funcionario (ref_ref_cod_pessoa_fj, cadastra, exclui, ref_cod_menu_submenu) VALUES (1, 0, 0, 999216);
INSERT INTO portal.menu_funcionario (ref_ref_cod_pessoa_fj, cadastra, exclui, ref_cod_menu_submenu) VALUES (1, 0, 0, 999609);
INSERT INTO portal.menu_funcionario (ref_ref_cod_pessoa_fj, cadastra, exclui, ref_cod_menu_submenu) VALUES (1, 0, 0, 999608);
INSERT INTO portal.menu_funcionario (ref_ref_cod_pessoa_fj, cadastra, exclui, ref_cod_menu_submenu) VALUES (1, 0, 0, 999602);
INSERT INTO portal.menu_funcionario (ref_ref_cod_pessoa_fj, cadastra, exclui, ref_cod_menu_submenu) VALUES (1, 0, 0, 999202);
INSERT INTO portal.menu_funcionario (ref_ref_cod_pessoa_fj, cadastra, exclui, ref_cod_menu_submenu) VALUES (1, 0, 0, 999205);
INSERT INTO portal.menu_funcionario (ref_ref_cod_pessoa_fj, cadastra, exclui, ref_cod_menu_submenu) VALUES (1, 0, 0, 999501);
INSERT INTO portal.menu_funcionario (ref_ref_cod_pessoa_fj, cadastra, exclui, ref_cod_menu_submenu) VALUES (1, 0, 0, 999502);
INSERT INTO portal.menu_funcionario (ref_ref_cod_pessoa_fj, cadastra, exclui, ref_cod_menu_submenu) VALUES (1, 0, 0, 999503);
INSERT INTO portal.menu_funcionario (ref_ref_cod_pessoa_fj, cadastra, exclui, ref_cod_menu_submenu) VALUES (1, 0, 0, 999504);
INSERT INTO portal.menu_funcionario (ref_ref_cod_pessoa_fj, cadastra, exclui, ref_cod_menu_submenu) VALUES (1, 0, 0, 999505);
INSERT INTO portal.menu_funcionario (ref_ref_cod_pessoa_fj, cadastra, exclui, ref_cod_menu_submenu) VALUES (1, 0, 0, 999507);
INSERT INTO portal.menu_funcionario (ref_ref_cod_pessoa_fj, cadastra, exclui, ref_cod_menu_submenu) VALUES (1, 0, 0, 999506);
INSERT INTO portal.menu_funcionario (ref_ref_cod_pessoa_fj, cadastra, exclui, ref_cod_menu_submenu) VALUES (1, 0, 0, 999200);
INSERT INTO portal.menu_funcionario (ref_ref_cod_pessoa_fj, cadastra, exclui, ref_cod_menu_submenu) VALUES (1, 0, 0, 999107);
INSERT INTO portal.menu_funcionario (ref_ref_cod_pessoa_fj, cadastra, exclui, ref_cod_menu_submenu) VALUES (1, 0, 0, 999605);
INSERT INTO portal.menu_funcionario (ref_ref_cod_pessoa_fj, cadastra, exclui, ref_cod_menu_submenu) VALUES (1, 0, 0, 999606);
INSERT INTO portal.menu_funcionario (ref_ref_cod_pessoa_fj, cadastra, exclui, ref_cod_menu_submenu) VALUES (1, 0, 0, 999601);
INSERT INTO portal.menu_funcionario (ref_ref_cod_pessoa_fj, cadastra, exclui, ref_cod_menu_submenu) VALUES (1, 0, 0, 999201);
INSERT INTO portal.menu_funcionario (ref_ref_cod_pessoa_fj, cadastra, exclui, ref_cod_menu_submenu) VALUES (1, 0, 0, 999819);
INSERT INTO portal.menu_funcionario (ref_ref_cod_pessoa_fj, cadastra, exclui, ref_cod_menu_submenu) VALUES (1, 0, 0, 999828);
INSERT INTO portal.menu_funcionario (ref_ref_cod_pessoa_fj, cadastra, exclui, ref_cod_menu_submenu) VALUES (1, 0, 0, 21247);
INSERT INTO portal.menu_funcionario (ref_ref_cod_pessoa_fj, cadastra, exclui, ref_cod_menu_submenu) VALUES (1, 0, 0, 999823);
INSERT INTO portal.menu_funcionario (ref_ref_cod_pessoa_fj, cadastra, exclui, ref_cod_menu_submenu) VALUES (1, 0, 0, 999825);
INSERT INTO portal.menu_funcionario (ref_ref_cod_pessoa_fj, cadastra, exclui, ref_cod_menu_submenu) VALUES (1, 0, 0, 21249);
INSERT INTO portal.menu_funcionario (ref_ref_cod_pessoa_fj, cadastra, exclui, ref_cod_menu_submenu) VALUES (1, 0, 0, 999615);
INSERT INTO portal.menu_funcionario (ref_ref_cod_pessoa_fj, cadastra, exclui, ref_cod_menu_submenu) VALUES (1, 0, 0, 999616);
INSERT INTO portal.menu_funcionario (ref_ref_cod_pessoa_fj, cadastra, exclui, ref_cod_menu_submenu) VALUES (1, 0, 0, 999617);
INSERT INTO portal.menu_funcionario (ref_ref_cod_pessoa_fj, cadastra, exclui, ref_cod_menu_submenu) VALUES (1, 0, 0, 999618);
INSERT INTO portal.menu_funcionario (ref_ref_cod_pessoa_fj, cadastra, exclui, ref_cod_menu_submenu) VALUES (1, 0, 0, 999619);
INSERT INTO portal.menu_funcionario (ref_ref_cod_pessoa_fj, cadastra, exclui, ref_cod_menu_submenu) VALUES (1, 0, 0, 999620);
INSERT INTO portal.menu_funcionario (ref_ref_cod_pessoa_fj, cadastra, exclui, ref_cod_menu_submenu) VALUES (1, 0, 0, 999621);
INSERT INTO portal.menu_funcionario (ref_ref_cod_pessoa_fj, cadastra, exclui, ref_cod_menu_submenu) VALUES (1, 0, 0, 999622);
INSERT INTO portal.menu_funcionario (ref_ref_cod_pessoa_fj, cadastra, exclui, ref_cod_menu_submenu) VALUES (1, 0, 0, 999820);
INSERT INTO portal.menu_funcionario (ref_ref_cod_pessoa_fj, cadastra, exclui, ref_cod_menu_submenu) VALUES (1, 0, 0, 999860);
INSERT INTO portal.menu_funcionario (ref_ref_cod_pessoa_fj, cadastra, exclui, ref_cod_menu_submenu) VALUES (1, 0, 0, 999217);
INSERT INTO portal.menu_funcionario (ref_ref_cod_pessoa_fj, cadastra, exclui, ref_cod_menu_submenu) VALUES (1, 0, 0, 999101);
INSERT INTO portal.menu_funcionario (ref_ref_cod_pessoa_fj, cadastra, exclui, ref_cod_menu_submenu) VALUES (1, 0, 0, 999109);
INSERT INTO portal.menu_funcionario (ref_ref_cod_pessoa_fj, cadastra, exclui, ref_cod_menu_submenu) VALUES (1, 0, 0, 999108);
INSERT INTO portal.menu_funcionario (ref_ref_cod_pessoa_fj, cadastra, exclui, ref_cod_menu_submenu) VALUES (1, 0, 0, 999105);
INSERT INTO portal.menu_funcionario (ref_ref_cod_pessoa_fj, cadastra, exclui, ref_cod_menu_submenu) VALUES (1, 0, 0, 999607);
INSERT INTO portal.menu_funcionario (ref_ref_cod_pessoa_fj, cadastra, exclui, ref_cod_menu_submenu) VALUES (1, 0, 0, 999610);
INSERT INTO portal.menu_funcionario (ref_ref_cod_pessoa_fj, cadastra, exclui, ref_cod_menu_submenu) VALUES (1, 0, 0, 999611);
INSERT INTO portal.menu_funcionario (ref_ref_cod_pessoa_fj, cadastra, exclui, ref_cod_menu_submenu) VALUES (1, 1, 1, 21248);
INSERT INTO portal.menu_funcionario (ref_ref_cod_pessoa_fj, cadastra, exclui, ref_cod_menu_submenu) VALUES (1, 0, 0, 999826);
INSERT INTO portal.menu_funcionario (ref_ref_cod_pessoa_fj, cadastra, exclui, ref_cod_menu_submenu) VALUES (1, 0, 0, 999859);


INSERT INTO portal.menu_submenu VALUES(9998880,55,2,'Relatório de alunos por raça','module/Reports/AlunosPorRaca',NULL,3);
INSERT INTO pmicontrolesis.menu VALUES(9998880,9998880,999300,'Relatório de alunos por raça',0,'module/Reports/AlunosPorRaca','_self',1,15,1);
INSERT INTO pmieducar.menu_tipo_usuario VALUES(1,9998880,1,1,1);
